,negative,neutral,positive,helpfulness,burst,count
A34G1GTMQGEDUN,0,0,1,1,0.6666666667,5
A8OBY4EP2OCDZ,0,0,1,5.2666666667,6,7
AQOQUWM58SGFR,0,0,1,0.5,0.6666666667,5
A1OZ7F08MNF320,0,0,1,1,2.5,7
A2CIR2MO07ZIY3,0,0,1,2,0,5
A2LBHMQ3142G3S,0,0,1,5.75,0,9
A1YOLMONF9LIVJ,0.1428571429,0,0.8571428571,2,0.75,7
A3M48SSAOTBSMW,0.1666666667,0,0.8333333333,1,2,6
AUUI1FKERRMV2,0,0,1,2.6071428571,0,5
A2K5JT08E0WTWR,0,0,1,3,0.6666666667,5
A2SRCVYVHA6G19,0,0.1666666667,0.8333333333,1,1,6
A1V7G6OGGW7AGA,0,0,1,3,0.5,6
A3LNNEYLGGCO25,0,0.4,0.6,2,1.5,5
A2JZY5POMJADL1,0,0,1,0,0.6666666667,5
ANADY67KNW4Z,0,0.4,0.6,0,0.6666666667,5
A17SLR18TUMULM,0,0,1,1,1,6
A1WQNVR4H66YX9,0,0.1666666667,0.8333333333,7.7833333333,0.5,12
AD4MJT7YYVHP7,0,0,1,0.6666666667,1.3333333333,7
A386KVFXZR6XL8,0,0.125,0.875,0,1,8
AZAYBFPLEDFL7,0,0,1,2,0.6666666667,5
A3DOIOHQ19H1BP,0,0.1666666667,0.8333333333,0.5526315789,5,6
AN5QXK8A9F8LH,0,0,1,1,0.6666666667,5
A2D8OM8XL872DO,0,0,1,2,0.6666666667,5
A372X4QU0YYLSM,0,0,1,2,1.5,5
A2AH7HRHDTQENH,0,0.1428571429,0.8571428571,0,0.75,7
A195EZSQDW3E21,0,0,1,2,0.1666666667,7
A1TJ393OFP21I8,0.4,0,0.6,0.5,0.6666666667,5
AEG2MOBNK5KCA,0,0,1,0,0.6666666667,5
A3UQS40N3PW18L,0,0,1,1,1.5,5
ALA9EIJ7G1SCF,0,0,1,0.6666666667,4,5
A1QAT2Y011KWFX,0,0.2,0.8,2,0.25,5
A2U4KTDIVI8KMR,0.2,0,0.8,0,0.25,5
A3TBMAWIIHKHFN,0,0.2727272727,0.7272727273,3,0.2222222222,11
A3ITN3125FJETP,0.0476190476,0,0.9523809524,2,1.3333333333,21
A95J3RNEFN425,0,0,1,2,1.5,5
A1KO6FM2PGCYC8,0.1428571429,0.1428571429,0.7142857143,1.5,1.3333333333,7
A3MLQDXQPVNB2O,0,0,1,2.6666666667,0,5
A3KNGMX2RVQG91,0,0.2,0.8,1,0,5
A2RVY2GDMZHH4,0.0555555556,0.2777777778,0.6666666667,3,3.5,18
A2SHWIOE8TVWJ2,0,0,1,1,0.1666666667,7
ASEBPAY8IBNI2,0,0,1,2,2.5,7
A3QK723XT3MJXZ,0,0,1,2.6666666667,0.5,6
A2D9QW4TY8CFB0,0,0,1,0,0.2,6
A300S5QIIMBQNH,0.2,0,0.8,0.75,0.25,5
A2WT46GVYE1ZDD,0,0.3333333333,0.6666666667,0.875,0,6
A206T0W1VE8K1Q,0.2,0,0.8,0.8666666667,0.25,5
AQJXACOTDMH03,0,0,1,2.75,1.5,5
A356YVTEMDX69J,0,0.6,0.4,0.5,0.6666666667,5
A3QNHDUBMA6WQM,0,0,1,1,1.5,5
A3G21YYF2EXCS8,0,0,1,2,0.4,7
AMP0Z3DR4RCH7,0,0.1333333333,0.8666666667,2.5,1.5,15
A1O7G2PW6LGL0G,0.1111111111,0,0.8888888889,1,1.25,9
AKSFZ4G1AXYFC,0,0.1666666667,0.8333333333,5.6666666667,0.0909090909,12
A3H4S6YO9VNGDZ,0,0.1111111111,0.8888888889,2.94,0,9
A3UFHRHJ82TL1W,0,0,1,2,5,6
A3NAA6BH9LWIH4,0.6,0,0.4,1.125,0.25,5
AM9EL9YBP070A,0,0.1666666667,0.8333333333,2.8,0.5,6
A2DE5UPQJSIPKR,0,0.1666666667,0.8333333333,1,5,6
A2NIT6BKW11XJQ,0,0.3333333333,0.6666666667,1.5,2,6
A14CQY582WMP7O,0,0,1,1,2,6
A1KF61HK8BM4D2,0.2,0,0.8,0,0.25,5
A13TQHVN7WBUPD,0,0,1,1,1.5,5
A2BB6IKKR4G40J,0.5,0,0.5,0,0.5,6
ALV33FTOC032I,0,0.1538461538,0.8461538462,1,0.625,13
A3J2PKECNUGEHO,0,0,1,2.1666666667,0.25,5
A24Z0TLWP8FXGV,0.2,0,0.8,2,0.6666666667,5
AITXZ1QOILJ5Z,0,0.1428571429,0.8571428571,1.5,0,7
A1K582XYLTKUCD,0,0,1,0,1.5,5
A2158NV89I72OP,0.1666666667,0,0.8333333333,0,0.5,6
A2UYE434RFINE,0,0.25,0.75,0,7,8
A3DAURGJAL0Y0S,0.6,0.2,0.2,1,0,5
A34AJKMVLJCOSI,0,0,1,1,0.2,6
A24JUT24W1K3CV,0.2142857143,0.1428571429,0.6428571429,5.2142857143,0.75,14
A2VGVG7IFBRSML,0,0.2,0.8,0,4,5
A2Y8JW5NSY95OL,0.1875,0.1875,0.625,7.05,0.4545454545,16
A1BS6JMSKOYWC9,0,0,1,1,1.5,5
A28X8QQ97HM6CX,0,0,1,4,0,6
A2Y2U697SS98E1,0.2,0,0.8,0,1.5,5
AW97HQETLQ25Y,0,0,1,2,0.25,5
A3TOND09136H4A,0,0,1,2,1.5,5
A1TYYT15KT9TDQ,0,0,1,4,1.5,5
A26JHKA8SNXV6P,0,0,1,2,1.3333333333,7
A355HGZDEPHHC5,0,0,1,1,1,6
A2JK2ITE138P7Z,0,0.1111111111,0.8888888889,0,1.25,9
A3EH9SDPD1FGEA,0.1428571429,0,0.8571428571,0,1.3333333333,7
A1AU5K3JMPS3UQ,0,0,1,0,4,5
A1BD73IAW04XMZ,0,0,1,1,0.2222222222,11
A1LQC225SE8UNI,0,0,1,5,0.1739130435,27
A2BZQNBV8UDZ2C,0,0.1666666667,0.8333333333,1,1,6
A2PBMCBT1R8TTL,0,0,1,2,0.1666666667,7
A32BCTL0HLOXRV,0,0.3333333333,0.6666666667,5,1,12
A3AZ44SMA0QNW7,0,0.0909090909,0.9090909091,5,0,11
AKHWZ3S1UVZAO,0.0588235294,0.1764705882,0.7647058824,1,0.4166666667,17
A2FCEH4VOA71GU,0,0,1,2,3,8
A380AI4SNSJTTY,0,0.1666666667,0.8333333333,0,5,6
A2EDYSY4M8TESS,0,0.0714285714,0.9285714286,2.1666666667,0.75,14
A3AT69S9R8ZWGT,0,0,1,1,0.25,5
A3FSC2BQQHFXWT,0.1666666667,0,0.8333333333,1,1,6
A10N243R7A5ZW3,0,0.2,0.8,2.5,0.6666666667,5
AD4QZUGLI9OSK,0.1428571429,0.2857142857,0.5714285714,4.2166666667,0,7
A4S2GMZIQKEHY,0,0,1,3,0,5
A3S737ZGWE1GKY,0,0,1,0.6666666667,0,5
A2JPRN080WBJ4N,0,0.4,0.6,2.6666666667,0.25,5
A1XXS0OSY2JLHW,0,0,1,0,0.5,6
AZ9KESC05F6RI,0,0.1666666667,0.8333333333,0.8,1,6
A3DCG2MNPR4BW,0,0,1,1,4,5
ABC68JUCPTVOE,0.1428571429,0,0.8571428571,1,0,7
A1RSRUQVKB5EBO,0,0,1,1.85,0.5,6
A3G4YMDOTVWP5V,0,0,1,1.6904761905,4,5
A3NK6WKA7GKRZS,0.2,0,0.8,1,0.6666666667,5
A3EA7KGYC8LB0,0,0,1,1,1.5,5
A12ABV9NU02O29,0.3333333333,0,0.6666666667,4.9333333333,0,6
AG3PVU7DCXZTK,0.0666666667,0.2,0.7333333333,6.7857142857,0.6666666667,15
AKDQONDXN72MW,0,0,1,0,4,5
A3RNEUUWTA78QR,0,0.2,0.8,0,4,5
A3D38B289R1U21,0.2,0.2,0.6,0.0526315789,1.5,5
A27PF2GVKMJSAA,0,0,1,3,0.6666666667,5
AZPDO6FLSMLFP,0,0,1,0,6,7
A3UXW18DP4WSD6,0,0,1,2,1.1,21
AASCUHX7YUC6M,0.2,0,0.8,2.6923076923,0.6666666667,5
A3GH47E9FF8WN1,0,0,1,4.117948718,0.3333333333,8
A1JVHQXG7GST9J,0,0,1,0,4,5
A13T4T3QOSII3I,0,0,1,1,0.5,9
A2AJKYCZ1WC4UP,0,0,1,0,0.25,5
A36PFVYT15GZC2,0,0,1,1,0.75,7
A3SH7VETIJJ7LA,0.6,0,0.4,3.7142857143,0.25,5
AKDQ6O42VUK1U,0,0.0909090909,0.9090909091,0,2.6666666667,11
AFLRU6952DEFX,0,0.1111111111,0.8888888889,1,0.8,9
AQES9A9BCJ7CV,0,0,1,0.875,4,5
ANAOLDUUS8E3G,0,0.4,0.6,2.75,0.25,5
A2VRAT69JDAD3W,0,0,1,2,0,5
AANXFXLHZPBQU,0,0,1,1,1.5,5
AOMEH9W6LHC4S,0,0.0909090909,0.9090909091,3.5,0.1,11
A3HKWOC783B7PL,0,0,1,2.8583333333,0.5,6
A1H7JRH18L2BXG,0,0,1,1,0,5
AMNTZU1YQN1TH,0,0.3,0.7,1,2.3333333333,10
A3USVXMH3QNRLG,0.2857142857,0,0.7142857143,0,1.3333333333,7
A10FM4ILBIMJJ7,0,0,1,1,1.6666666667,8
A2W8OGJDV7TCMT,0,0.1666666667,0.8333333333,0,5,6
A2IC4MEKF2Y6IF,0,0,1,0,5,6
A15N5RY4YGRQRQ,0,0.1,0.9,2.3333333333,0.25,10
A3IRXJOT9PY6SE,0,0.1666666667,0.8333333333,4.6833631485,0.2,6
A1F5HMIDLSR3EF,0,0.125,0.875,3,0.1428571429,8
AZE83O4F1IJPR,0,0,1,2,1,12
A3SU1JZBMQ5ABZ,0,0,1,0,0.2,6
AUK79PXTAOJP9,0,0,1,0,4,5
A3G40OIPT4I040,0,0,1,1,0.6666666667,5
AKLDKUON6YY0X,0.2,0,0.8,4.3666666667,1.5,10
A15TYOEWBQYF0X,0.0263157895,0.1052631579,0.8684210526,5.75,0.7272727273,38
A15WZCSME5X74S,0,0.0714285714,0.9285714286,2,3.6666666667,14
A3UPEG3LRWOX16,0,0.1666666667,0.8333333333,1,0,6
A1NAA1R38JSNHV,0,0,1,3.8888888889,2.1666666667,19
A2AWJRUEY9IG4B,0.1428571429,0.1428571429,0.7142857143,0,6,7
A2XVE2J5WGCSGX,0,0,1,4.7638888889,0.2,6
A14XXL4GMWSI47,0.1111111111,0,0.8888888889,3.2272727273,0.2857142857,9
A136IQFGB01KQB,0.25,0.125,0.625,0.5,0.3333333333,8
A3VDSGNIS92OVZ,0.1666666667,0.1666666667,0.6666666667,3.2402985075,0,6
AXTOICJWZBAJ0,0,0,1,1,0.6666666667,5
A1MM26M78136ZP,0,0,1,1.4090909091,0.25,5
A9RAHOMYAQB51,0,0,1,1,1,6
A2101DHHDMZ93X,0.2,0,0.8,1,0.25,5
A2VY4F62JE9HCJ,0,0,1,1,0.5,6
A2LJ6YNOZU6ND,0.1428571429,0.1428571429,0.7142857143,2.5,0.75,7
A3DIN9E5QQZ6VT,0,0,1,1,1.5,5
A2FIYXK97CTS6D,0.1428571429,0,0.8571428571,3,0,7
A6LFRQ7HMWS1G,0,0,1,3,1.3333333333,7
A3E7O9NSS47TE8,0,0,1,2,1.3333333333,14
A14B2YH83ZXMPP,0,0,1,0,1.5,5
A2D0F87RY5YMHN,0,0,1,5,0.6,16
A2YWZRHDA9KDS4,0.1666666667,0.1666666667,0.6666666667,2,5,6
A1N46MR82AUE4T,0,0,1,1,1.5,5
A10ZSXTQA264C7,0.2857142857,0,0.7142857143,3,2.5,7
A2X1F0WUJJP0FC,0,0.4,0.6,3,0.6666666667,5
A7WNXHL0QNHY7,0.1666666667,0.5,0.3333333333,3,5,6
A1QRF5KISDOKPA,0.1666666667,0.1666666667,0.6666666667,1.25,2,6
ALB04NLERUCYC,0,0.125,0.875,2,1.6666666667,8
AZJPNK73JF3XP,0,0,1,1,0.2222222222,11
AXWI0P2EGDEQT,0,0.2,0.8,2.8,0.6666666667,5
A2QMNA0ZT6XMRR,0,0,1,1,2.5,7
A1P42OZ1MCNAHE,0,0,1,0,5,6
AJNFQI3YR6XJ5,0.25,0.125,0.625,4.2587719298,1.6666666667,8
A2W03JTG0K5OKF,0,0,1,2,0.25,5
A2H5GRB3XXEBX0,0,0,1,4,0,6
A2OTSI6BXB4CT3,0,0,1,4,1.5,5
A3IS1RBMOOULWI,0,0.4,0.6,3.25,0.25,5
A3MXU3CH4BJ465,0,0,1,3.55,0,5
ASP978VO96X7C,0,0,1,0,4,5
A1W228ES4U9GDQ,0,0,1,0,2,6
A2SH4497XM1HET,0,0,1,1,0.4,7
AJGD0VSCUJUP5,0,0,1,2,1.6666666667,8
A2605LYSN10W9,0,0,1,1,0.25,5
A1WD8RFNIGRPDH,0,0.1666666667,0.8333333333,1.5,1,6
A18RGYRCEN181M,0,0,1,0,1,8
AJCHGS1GND4OA,0.0666666667,0,0.9333333333,3.5,0.5,15
A2MFJ6C67AL015,0,0,1,2,0.5,9
AA8SWH4Y5SN8H,0.2,0,0.8,1,0,5
A3AOPVQ7EZHTWA,0.0588235294,0.0588235294,0.8823529412,9.8328877005,0,17
AUQ38SIELJDPU,0,0,1,1,1.5,5
A2O8BAXJPDSV0M,0,0,1,3,0.3333333333,8
A36378CQKPA2G,0.1111111111,0,0.8888888889,3,3.5,9
A1A45K51O5W6WS,0,0,1,0,0.25,5
A157DYI1PMXDR1,0,0.2222222222,0.7777777778,0,1.25,9
A1EWYZI4ZHU9XZ,0.2,0.4,0.4,3.25,0,5
A19IFF0DGV0T3E,0.3333333333,0,0.6666666667,0.6666666667,0.5,6
A3GHV54CDBCKO4,0.4,0,0.6,0.3333333333,0,5
A1NBZI880S5VXU,0,0,1,3.6666666667,0,5
A2AAS19L5VE69J,0.1666666667,0,0.8333333333,3.8238095238,0,6
ABBE2DL4IFLM5,0,0,1,0,0.6666666667,5
A2P924QJ8N0QO0,0.2222222222,0.1111111111,0.6666666667,1,1.25,9
A1ZXTQA6K1YOJ0,0.125,0,0.875,0,1.6666666667,8
A1BZHWOFQ9W3BP,0,0,1,1.5416666667,0.6,8
AWCJ12KBO5VII,0,0,1,3,0,6
A1K323WRUBGWC9,0,0,1,3,0,5
A99K7S15XOQ45,0,0,1,1,0.6666666667,5
A1HTV2563HTSQV,0,0,1,2,1,6
A21GCOGHDQNHQS,0,0.125,0.875,4.6666666667,0.6,8
A2C00NNG1ZQQG2,0.2,0,0.8,1.5,0.25,5
A1JOANG98KBFKU,0,0,1,1.9615384615,0,5
ARE879SUUYGVP,0,0,1,2,0,5
A1IJUUNPU7L6LA,0,0,1,5.4310344828,1,12
A3RBEESTJUZQ6D,0,0,1,2,0.6666666667,5
A22SZV0N4O2FQM,0,0,1,4.6802197802,0.75,7
AZ0LJNEP2VRD1,0.1,0,0.9,7.1666666667,0.1111111111,10
ATLCEY1YIP1DG,0,0,1,0,0.25,5
AA4BAIDEDJI3,0.2,0.2,0.6,3.0476190476,0.25,5
A102MU6ZC9H1N6,0,0,1,0.5,2,6
AMCZ6QJGKH110,0,0,1,1,0.25,5
AJCAVTHZFM0J3,0,0,1,3.3571428571,1.3333333333,7
A3RDS0DJ5EJGA7,0,0,1,2.1666666667,1.1428571429,15
A1L2S18BTJE1BZ,0,0,1,2,0.4,7
AHMEG9CAAT2KF,0,0.1666666667,0.8333333333,0,0.2,6
A121QRWXZIO6UP,0,0,1,1.875,0.6666666667,5
A14FNPHPBHTMO4,0,0,1,0,1.5,5
AM67EGOF8ACTY,0,0,1,1,0.5,6
A10H2F00ZOT8S2,0,0,1,0,2,6
A2I9SZ9A7Y3I4G,0,0,1,3,0,5
A27GPJSZDRQ1ZW,0.1428571429,0,0.8571428571,1,0.75,7
AZCP5P3BARLS5,0.2,0.4,0.4,1,4,5
A1HQN6CNAO683Y,0,0,1,0,0.5,6
A1FCX548TD6DLP,0.1428571429,0,0.8571428571,2,1.3333333333,7
A3E6FHS8DV037H,0,0.1666666667,0.8333333333,1,5,6
A2Y4PRG2HHOL3G,0.1666666667,0.3333333333,0.5,0,0.2,6
A20OBCQWBKCGZT,0,0,1,1,0.6,8
A3MDQTWO6NOV1U,0,0,1,1,0.5,6
A1EMD22HC94SI1,0.1666666667,0,0.8333333333,2.4523809524,0.2,6
A3JUQ2E799OC5B,0,0,1,1.5,1.25,9
A2CA4YBYSETM02,0,0,1,0,0.5,6
AMU3EIC4EOPX4,0.2,0,0.8,1,1.5,5
A2C6Z7M3RMUG45,0,0,1,1,3,8
AEMC16IPBZORW,0,0,1,4.3666666667,1,6
A3OXHLG6DIBRW8,0,0.05,0.95,10.1238095238,0.1111111111,20
AB0XOMFCYELCK,0,0.125,0.875,1,1.6666666667,8
AI45J5737CUGY,0,0.2,0.8,0,0.6666666667,5
A3FUKVX3B48315,0,0,1,1,0.6666666667,5
A3L5L7OHXRY03L,0,0,1,3.5,0.4,7
A20HEID734XSTW,0,0,1,0,1.5,5
A2JN6080LXS12H,0,0,1,2,0.25,5
AJO5UGNMFVDJN,0,0,1,0,0.5,6
A1EFMEZJESPF76,0,0,1,1,1,6
A1K3NQAO49LXL2,0.2,0,0.8,0,0.6666666667,5
A18LZ6VHS4DK69,0,0.2,0.8,0,0.25,5
A1DYBNOP47KAE1,0,0.1666666667,0.8333333333,1,0.5,6
A2HDEN9SPBWC5I,0,0,1,0,0.1666666667,7
A2VSNUK7YLRKRE,0,0,1,0.5,0.2,6
A2RCAS1WJ5Z8VI,0,0.2,0.8,0,0.25,5
A5O3ZBCOLILKQ,0.1666666667,0.1666666667,0.6666666667,0,0.5,6
A110ZEDSNASVCO,0,0.25,0.75,4.5,0.3333333333,8
A3QR1W7AD80ZQ0,0,0,1,4,2,6
A24IO6G3W158E4,0,0,1,2,0.6666666667,5
A2YGWCX3DQ6ER0,0,0,1,1,0,6
A28L530VL9GK5K,0,0,1,0,3.5,9
A2X68NVO0SGCMC,0,0.1666666667,0.8333333333,0,0.5,6
A36IOSZXG6HQAU,0,0,1,1,0,6
A2RNPVQP4EPGRZ,0,0,1,0,2,6
A2W7M00WSI4JND,0.1666666667,0.3333333333,0.5,2.0833333333,0.2,6
A2XB18IXOKUV82,0,0.2,0.8,0,0.25,5
A1ZT70OIIY7N5M,0,0,1,2,4,5
A18VM3LYCTBV3E,0,0,1,1,4,5
A3BH9XC0BVO1AG,0,0.2,0.8,1.5,0,5
A3BMYEA3J6RBVV,0.2,0,0.8,1,0.6666666667,5
AF1I90O6U8VCQ,0,0.4,0.6,1,1.5,5
A1K2VGY3VJ6XI0,0,0,1,1,4,5
A2IN5BKM9IQT6Z,0,0,1,2,5,6
A1GXG8FTXEA72D,0,0.6,0.4,0,4,5
AWIG50VOI5VUV,0.1666666667,0,0.8333333333,3.5,0,6
A2FGSRTR4XFHMC,0,0,1,2,0.25,5
A32E8LG6I4W2AI,0,0,1,0,4,5
A1VBRBWX7SVCVX,0,0,1,1,0.6666666667,5
AQQ91U1U4YKDF,0.2,0,0.8,0,0,5
A5RJ7TM82RH0I,0,0.0909090909,0.9090909091,0,0.8333333333,11
A1RXH9W4TZB2EF,0.2,0,0.8,1,0.25,5
A3PGVJF37JSHFO,0,0,1,1,2,6
A3HKZSCGFU9T2A,0.0625,0,0.9375,3,7,16
A24VCDADYAIHAM,0,0,1,1,0.4,7
A1U3T27RHRIDYN,0,0,1,1,2,6
A21V6HGU6SU4JG,0.1666666667,0.1666666667,0.6666666667,1,1,6
A1WJBJUQ24G8BU,0.1428571429,0.1428571429,0.7142857143,3,0.1666666667,7
A2T372SGRFAWYP,0,0,1,0,0.2,6
A1L3H6SSKSRNGV,0,0.3333333333,0.6666666667,0,2,6
A3322FTE1MQQGM,0,0,1,1,4,5
AXMYGK3WC8BPP,0.3333333333,0,0.6666666667,1,1,6
A3QPN05Y1OUX32,0,0,1,0,0,6
A1EMTRDX5PBNCP,0.1,0.2,0.7,1,0.6666666667,10
A35XRT4BW4I6UD,0.0769230769,0,0.9230769231,1.6666666667,1.1666666667,13
AFS3FQR5JSDVJ,0,0,1,3,1,14
A2JQWSA0GPVSQN,0,0,1,5.1666666667,1,8
A3HH71P93ZWAMB,0,0,1,4.9090909091,0,5
A3JEEPYPEM9V81,0,0.1666666667,0.8333333333,2.8333333333,0.5,6
A3G6HCQFH5DE28,0,0.4,0.6,0,4,5
A35P0LNBJ0WUPL,0,0,1,1,2,6
A12P4A1OC41KUO,0,0.25,0.75,2,0.6,8
A13NWJUMVNS6YZ,0,0,1,3,0,6
A32VFJX0MAGKIQ,0,0.1666666667,0.8333333333,1.6,1,6
A319B090A2POEB,0,0.3,0.7,3,1.8571428571,20
A3K96R872MUM3D,0,0,1,0,5,6
AQT4V74P38PPU,0,0,1,2,0.6666666667,5
ARID6HRKRWGFW,0.2857142857,0.2857142857,0.4285714286,2.1666666667,2.5,7
A1NJMJNF0MOBSL,0,0,1,1,0.3333333333,8
A3923UGIPX0QQM,0,0.1,0.9,3.5,0.1111111111,10
AR6CAR106LX2Y,0,0.0666666667,0.9333333333,0,2,15
AF7AQHLX1UV1Z,0,0,1,2.9619047619,0,6
AIRZAEK6LLYQ,0,0,1,1,0.6666666667,5
A1YTMYDNMTQXLE,0,0.2,0.8,4.7045454546,1.5,5
A2RCV60MNI5VTV,0.1111111111,0.1111111111,0.7777777778,4.1666666667,1.25,9
A13KBLFF4IZF7H,0,0,1,1.75,1,6
A1PO2WOQ0LO73Y,0,0.1428571429,0.8571428571,0,1.3333333333,7
AB39UO500J4EP,0,0,1,1,1,8
A2CPP7BZKOF9TP,0,0,1,0,1.5,5
ADNKG04OS6WNL,0,0,1,0,2,6
A18C03TA8N26L4,0,0.3333333333,0.6666666667,5.7272727273,0.5,6
A3I9IGMS9GHW8J,0.1428571429,0.2857142857,0.5714285714,3.3333333333,6,7
A3N7Y9QXT9LS9C,0,0,1,2,2,6
ABJG6JTYTX9M0,0,0,1,0,1.5,5
A2KXINV90T91L8,0,0,1,0,1.5,5
APQTAELJ74I07,0,0,1,0,4,5
A2EW01G2LNJN06,0,0.2,0.8,2,0.25,5
A2XSWF2AJSXQZB,0,0,1,1,1.3333333333,7
A3ARSPDQYDZVNS,0.2,0.2,0.6,1,0,5
A1FI4UL6C50NZJ,0,0,1,3,2,6
A2ZYE710E5YYCW,0,0,1,4.3520499109,0,5
A3RFWANBUVX4RA,0.1111111111,0.1111111111,0.7777777778,1.2,2,9
A2TSUJLFHB61W3,0.2857142857,0,0.7142857143,3,1.3333333333,7
A1AA7FK3DPDDL6,0,0,1,1,0.75,7
A3KOWHTH4J4ZIK,0,0,1,1,0,5
A26U7I13QO5E0C,0,0,1,4.05,0.1428571429,8
A158NXQZK3SZ9N,0,0,1,1.5,0.5,6
A346EQ2V4W531N,0,0,1,0,1.5,5
A3OJ0RGAECAGH8,0.125,0.125,0.75,2.9166666667,1.6666666667,8
A1S0HTDO0P4N5V,0.1428571429,0,0.8571428571,2,0.4,7
A3OEBPVLF35YQL,0,0.1666666667,0.8333333333,4.7023809524,0.5,6
A3RPDN9247BQHK,0,0,1,0,2,9
A1EX4410F46C8O,0,0.1666666667,0.8333333333,2.55,0.2,6
A3BZ9EP6SSC9MU,0,0,1,0,4,5
A263G5WS7JFRY1,0,0,1,3,0,5
A1E5FQZTUM8OC1,0,0.125,0.875,4,3,8
ALLRHBAXXI5BL,0,0,1,0,4,5
A1MU6PI3YDK8H0,0,0.125,0.875,3,0.3333333333,8
A3SJ2NETSL6D5R,0,0,1,0,1.5,5
A15RCM1I2ATTXJ,0,0.2,0.8,0,0,5
AG5L0MYSPPWDC,0,0,1,3.7142857143,1.5,5
AJOK2CO9LSF37,0,0.3333333333,0.6666666667,0,0.5,6
A1H4WSC8JWS59N,0,0.2,0.8,0,0.25,5
A3KBFCPNQ58YK4,0.2727272727,0.2727272727,0.4545454545,1.5,2.6666666667,11
A2T8TWZAWLQWBV,0,0.2857142857,0.7142857143,2,0,7
A18ZKZXXA3WHSJ,0,0,1,0,0.6666666667,5
A1URXSRV6WDHVY,0,0.4,0.6,2.5,0.6666666667,5
A9KOC3PXLXYSB,0,0,1,1,0.25,5
A34KO3JNKTZU6Y,0,0,1,3.5,0,10
A5JP93NSIK41I,0.2,0.2,0.6,2.6666666667,0.25,5
A1TF131MUR8E2E,0,0,1,0,0.6,8
A13IKQCJKFAP5S,0,0.0714285714,0.9285714286,1,2.5,14
A1NRNLEASOU773,0,0,1,0,6,7
A2WYF4POBUXL2O,0,0,1,1.5,0.3333333333,8
A2Q6KC2KU2T0OL,0,0.2,0.8,2,1.5,5
AAYAXHC63IX1D,0,0,1,0.8333333333,2.5,7
A3O9JAQME0YOB0,0,0,1,0,5,6
A1R1F7IOPSLMD,0,0,1,1,0,5
A3CMSCWXZIVJQ1,0.1428571429,0.1428571429,0.7142857143,2,1.3333333333,7
A2VCXIAWCPQ13P,0,0.2222222222,0.7777777778,4.0961538462,3.5,9
A1LJXZC1RFW07C,0,0.3,0.7,4.25,2.3333333333,10
A2Z7KQUGJRKZL9,0.125,0.125,0.75,2.1071428571,0.1428571429,8
A2Y7BSQG9V3LNG,0,0.1818181818,0.8181818182,0,0.375,11
A10VG94SAKVSC0,0.2,0.2,0.6,0,4,5
A27TXR7VCI5FKS,0,0.2,0.8,0,1.5,5
A9VAK8UG2G5W7,0.1428571429,0,0.8571428571,3.1447368421,0.75,7
A200D8BOPMR35S,0,0,1,2,0.2,6
A3MMISYL1GBXH4,0,0.1666666667,0.8333333333,1,2,6
A1WNM3PI4QSUCB,0,0,1,2.7888888889,4,5
A2IRI1NFJJJ6MZ,0,0.2,0.8,0,4,5
A18P5I03P4U8AI,0.2,0.2,0.6,0,4,5
A2ZGBCQPF5Q17N,0,0,1,2,0.5,6
AL8K7SWTLZ12X,0,0,1,0,2.5,7
A278CZM7C2OO8A,0.2,0.4,0.4,1.1666666667,0,5
A30VX06O5GPY13,0,0,1,1,0.25,5
A29GXZXORG2DS0,0,0.2,0.8,0.5,0.25,5
A1HZRYGGNMOWRQ,0,0,1,2.8,1,6
A1VOONTYYM0SDA,0,0.1111111111,0.8888888889,0,2,9
AWYE428W5MRQN,0,0,1,4.25,2,6
A20L3BCRCICRSQ,0,0.2,0.8,1,4,5
AH2F47XZ5L8NR,0,0,1,3.6666666667,0.25,5
AGKM79EXVZHPL,0,0.2,0.8,0.5,0.6666666667,5
A22Z554ZQ8NFPC,0,0.32,0.68,12.6466666667,1.0833333333,25
A3KZ3Y88P6CAMA,0,0.1111111111,0.8888888889,1,0.8,9
A2E3Q52SJS00K2,0,0,1,1,1.5,5
A2NOZB6VZCTOI4,0,0,1,4.8571428571,0,5
A19Q4B515ENF9C,0,0.1666666667,0.8333333333,0.5,1,6
AZBUUKQLYKUCL,0,0.1818181818,0.8181818182,2,1.2,11
A136M3QYHUVN9A,0.2,0,0.8,1,0.25,5
A2P3Q65JU68Z5M,0.2,0.2,0.6,2.8888888889,0.25,5
A12N7TJQR2RB9W,0,0,1,5.6203007519,0.5,6
A3D0PD45BHLXFX,0,0.25,0.75,0,1,8
ACUGOV6HBWDXB,0,0,1,1,4,5
A1BCRHGUE3ZWEU,0,0,1,1,0.2,6
A6VXZ1EEPRTLV,0,0.1428571429,0.8571428571,0.78125,0,7
A1803TC7DCT5ZA,0.3333333333,0,0.6666666667,1,1,6
A2RIQKV4OOXME1,0,0.0909090909,0.9090909091,1,0.8333333333,11
AMTQJ1ZZ58BO4,0,0.3333333333,0.6666666667,2.2,0,6
A3VINMY1DIEHL7,0,0,1,1.3333333333,0.25,5
A26SN2CVQM4FKM,0.0476190476,0.0476190476,0.9047619048,1,4.25,21
A3VVKC910FN4EK,0,0,1,4.75,0,8
A2B5LSF5V85SZA,0,0,1,0,1.25,9
APH7O58XJXKPT,0,0.25,0.75,0,3,8
AENULRBQ2IE5I,0.0769230769,0.0769230769,0.8461538462,2,1.1666666667,13
AXP7888CP2222,0.2,0.2,0.6,0.6666666667,0.25,5
A3APKXMNJAEDQM,0,0,1,3.6666666667,1,6
A2HHVYBD6H9728,0,0,1,0,0.25,5
A2JZTK0WGJCMGN,0,0,1,2,1.5,5
A3K9OQPCI8UJE,0.4444444444,0,0.5555555556,1,2,9
A1CNDQC2IXGEPN,0,0,1,1,0.5,6
AQG6AQXC703WD,0,0.4,0.6,0,0.6666666667,5
A1YP96MT6W9FTB,0,0.0476190476,0.9523809524,12.4802008608,0.1052631579,21
AG8FGAIPRBKIR,0,0.2,0.8,2.6477987421,0,5
A1ZQVN0F0FURHH,0,0,1,3.5,4.5,11
A1N06X05VZWO5Y,0,0,1,2,0.4285714286,10
A2X3UAK5HLALMJ,0,0,1,0,1.5,5
A1W93CKNN8D6L2,0,0,1,0,1,6
A5I7XOLQRH9YE,0,0.2,0.8,0,1.5,5
AW1VA3H8A5N12,0.0833333333,0,0.9166666667,6,0.5,12
A3R8TPM1N7HFS4,0,0.125,0.875,3,1,8
AXMXE3RT660HQ,0.2,0,0.8,0,0.25,5
A2IDOKLAT1MP8X,0.2,0.1,0.7,5.9333333333,0.25,10
A2UDGB5BTYY51,0,0.2,0.8,1,4,5
A2WYAHJGST6AOT,0.1666666667,0.1666666667,0.6666666667,0,2,6
AS421KUEDNJ5V,0,0,1,0,0.5,6
A19J3XY4IO2OYC,0,0.2,0.8,1,0.6666666667,5
A12YXGXV4MATDS,0,0,1,0,1.5,5
A26E1V45R24QVC,0,0,1,1,0.6666666667,5
A1VQHH85U7PX0,0.1666666667,0.1666666667,0.6666666667,2.5,0,6
A3H4PZB9PGMWAA,0.0909090909,0.0909090909,0.8181818182,0,10,11
A1JDT2X4BYHZZL,0,0,1,0.5,0.2,6
A24VMSBJAWFRCP,0,0,1,0,2,6
A1NMFQP9ZR23AH,0,0,1,4.75,2,6
A1MY8258SXRZ8M,0,0,1,2.875,2.6666666667,11
AOCBJFQ7UPEOJ,0,0,1,1,1.3333333333,7
A4XWMOFB1HY04,0.0833333333,0,0.9166666667,3,0.0909090909,12
A2A039TZMZHH9Y,0,0.2666666667,0.7333333333,3.5,2.75,15
A3BEKIXEMSZ9PL,0.2,0,0.8,1.3333333333,0,5
A2DG65AWX5RJ4J,0,0,1,1,1,6
AKPVT396SPLII,0.1428571429,0,0.8571428571,1.6,0.75,7
A2F2L5F9OWWVY6,0,0,1,2.75,4,20
A12DQZKRKTNF5E,0,0.2,0.8,3.2892156863,0,5
A37U8NH2CD9EDX,0,0,1,0.8333333333,1,6
AM870TTAD2RFT,0,0.4,0.6,0.7777777778,0.6666666667,5
A2WA8TDCTGUADI,0,0.3333333333,0.6666666667,0.5,0,6
A26M5O53PHZTKN,0.1111111111,0.1111111111,0.7777777778,2.8888888889,0,9
ASSWUAOO49Z8Q,0.4,0.2,0.4,1.9166666667,0,5
A2Z3FDWL7DQD76,0,0,1,1.5,0.5,6
A6KYDNP84GGGJ,0,0,1,1,1.6666666667,8
A109JTUZXO61UY,0,0,1,1,4,5
A3157YGT1NASJ7,0,0.2857142857,0.7142857143,3,2.5,7
A2BRKLV7FQ1HVS,0.125,0.125,0.75,3,1.6666666667,8
ACXJSNO821XUG,0,0,1,2,1.3333333333,7
AEKID8YBJSV8K,0,0.1666666667,0.8333333333,4.4571428571,0,6
AIAH54R6EL4V8,0,0,1,3.25,0.75,7
AFFH3F0W6N3MY,0,0,1,2,0.25,5
A1IQKXGJSKTAHP,0,0.1428571429,0.8571428571,4.3333333333,0,7
A26Y7G0VFYUYSL,0,0.125,0.875,2,3,8
A1F4FQAW2G9FRA,0,0,1,1.5,4,5
A2STXHBNXM1B0Z,0,0.6,0.4,0,4,5
A2UX9BF36MYEXK,0.25,0,0.75,3,0.1428571429,8
A19AXCVXAM7NM2,0.1111111111,0,0.8888888889,2.8,0.8,9
A35NAFXV5GHZ92,0,0,1,1,0.5,6
A1GM034H7XPDEW,0,0,1,1.4,0.4,7
A24JW33E1DW64K,0,0.2,0.8,1.9230769231,4,5
AHCJAJO18KRP1,0,0,1,0,1.6666666667,8
A3SS4Y0BDSPDB0,0,0,1,1,4,5
A2KJY8BRDP8RZP,0,0.2,0.8,0,1.5,5
A27S1RZ4JF0S3N,0,0,1,1,1.5,5
A2XKROL6XBFHT3,0,0,1,2,2,6
A1EUO0BU72JR7T,0,0.1666666667,0.8333333333,2.6666666667,1,18
A3RPTP7XINQSKI,0,0.25,0.75,0,1.6666666667,8
A1VFUMY02HJIFY,0.0714285714,0.1428571429,0.7857142857,3,1,14
A73CB1NVPYDZ5,0,0.4,0.6,2.5915750916,0.6666666667,5
A2Z1BOQPVQK2M4,0,0,1,1.9473684211,0.6666666667,5
A3D1A0YHTT0E9G,0.2,0,0.8,1.9,0.25,5
A1XNCV67JBJVF7,0,0,1,2,0.5,9
A3W2E6S24BTXXK,0,0.2,0.8,0,1.5,5
A2U7ZM8TAJUFPQ,0,0,1,3.3,5,6
A2XL6TZM34HFV3,0.0833333333,0.0833333333,0.8333333333,6.25,0.3333333333,12
A3JXFUXN03IUT5,0,0,1,0,4,5
A1THTWOPC9UOS4,0,0,1,3.1666666667,1.6666666667,8
A3IVULXGE2PB43,0.125,0,0.875,3.1785714286,0.1428571429,8
A2PX3NR1IVTXPG,0.2,0,0.8,1.5,0.25,5
A6GXP9ESXIH7O,0.1666666667,0.1666666667,0.6666666667,1,1,6
A1SDGIC08LD6BW,0,0,1,3,1,6
A28FADP9FITQVK,0,0,1,1,0.5,6
A3GSBNVP2LPFRB,0,0,1,1,0.2,6
A118PM0B1PGWDA,0.375,0.125,0.5,2.75,1,8
A3BTH66WVCQAM9,0,0,1,4.6666666667,1.3333333333,14
AFB7MSIPJIW68,0,0,1,3.35,0.8,9
A22810LZ1TDWH2,0,0.3333333333,0.6666666667,0,2,9
A2SXC5WGKDRV7H,0,0,1,0,0.25,5
A2MHK6C40Z54TB,0.2,0,0.8,1,0.25,5
A1RHGZOBDC3WQF,0,0,1,0,5,6
A2QPZKGUDE7RJ4,0,0.1428571429,0.8571428571,3.5,6,7
AU9BPT3Y3K6J4,0,0,1,0,1,6
A2F300193C5XH9,0,0.1428571429,0.8571428571,2.5,0.4,7
A2GUE6E3DUYX03,0,0,1,1,1,6
A14BICJ93WO926,0,0,1,3,1.5,10
A1HR4TQ0HAGU8T,0,0,1,2.25,1.5,5
A3LOJ2QHXITCF7,0,0.2,0.8,0,1.5,5
A1FJBWP2R3NSH4,0.2,0.2,0.6,3,0,5
A2XKZS6UXZWK9M,0,0,1,0.75,1.5,5
A2R4YQNCYMS8M7,0,0,1,2,1.5,5
A1WJVU9KICHFI,0,0,1,0.5,0.6,8
A33DAMPX4T6K57,0,0,1,0,0.5,6
A3SUC2DJYHUU9Y,0,0.2222222222,0.7777777778,2.75,0.5,9
A2F42NSN3HKRCU,0,0,1,3.5,0.2,6
AVY8D3ULJTX0H,0,0,1,1,1.5,5
AN73VQ17FZVJ8,0.4,0.4,0.2,2,0.6666666667,5
A2G9UCBLL9YLET,0,0.3333333333,0.6666666667,1,1,6
AFGRMORWY2QNX,0,0,1,1,0.25,5
A2TBAUW2W7J538,0,0.3333333333,0.6666666667,4.1666666667,0,6
A20EZ7E8WUH2GZ,0,0,1,1.6666666667,0.25,5
A15BHBF0L0HV1F,0,0.125,0.875,2,0.1428571429,8
A3M4FU3WQWJHMP,0,0,1,2,0.1111111111,10
ACVSCM9GWLNLS,0,0.2,0.8,2,0.6666666667,5
A36P367G4ZH6Z0,0,0,1,5,1.4,12
AJK15Q9JOEHRH,0,0,1,8.9166666667,1.2727272727,25
A2B1KICX3RPRX3,0,0.2,0.8,0,0.25,5
A3775OP5VTX5ON,0.0909090909,0.1818181818,0.7272727273,7.5456140351,0.2222222222,11
AODIJK065X72D,0,0,1,2,0.25,5
AD175S3OJX0DG,0,0.2,0.8,0,4,5
A3UZITVEOSRRHD,0,0.2,0.8,1.6666666667,0.25,5
A1XJKAH0QCUVWD,0,0.1666666667,0.8333333333,1,5,6
A3I49HMI4LV6HU,0,0,1,2,0,5
A1TSW5IJ1LU0RP,0,0.2,0.8,0,1.5,5
ATSVUBE2115N1,0,0,1,1,0.8,9
A2SNKWR5D203ZX,0,0,1,0,1.6666666667,8
A5MC7LP0ZBO4Q,0,0,1,0,2.5,7
A1JCRZEQACX4V4,0,0.125,0.875,2.5,1.6666666667,8
A1786LAQ18LHDC,0,0.2,0.8,0,4,5
A1OGTL9EBDTK3N,0,0.1,0.9,0,0.6666666667,10
A1NPG8GYIXYIVY,0,0,1,1,4,5
A11INIL2YFJ137,0,0,1,1.5,0.75,7
A94QU4C90B1AX,0,0.2,0.8,1,1.5,5
A205483DF7XVDE,0,0,1,5.25,0.75,14
A1YR3RVSBZK8CW,0,0.0526315789,0.9473684211,2,1.7142857143,19
A1W3CEEQBJ4GTN,0.2,0.2,0.6,0,1.5,5
A1SG6JGU7ISEH3,0,0.2,0.8,1.2916666667,4,5
A3V1A3C9DTLPME,0,0.0909090909,0.9090909091,5.25,0.375,11
ALYZ6K2FC7VZC,0,0,1,1.5,2,6
A33F2WVDF74EA7,0,0,1,0.8,0,5
A341MNU9GWBWKS,0.1666666667,0,0.8333333333,1,0.5,6
A2P8WJLFW9NDYN,0.2,0,0.8,2.5,1.5,5
A330W6L217G0U6,0.1428571429,0.2857142857,0.5714285714,0,2.5,7
ALHC64J88LVWO,0.1052631579,0.1578947368,0.7368421053,4.3807017544,0.4615384615,19
A1MH0P8PE6AT4P,0.1111111111,0,0.8888888889,2.2380952381,1.25,9
A1MI9FDCNB3CMR,0.1,0,0.9,2.2147435897,0.1111111111,10
AWBZIK5JYWB5J,0,0.4,0.6,2.8333333333,0.25,5
AMEZJVXMSEPY0,0,0,1,1,0.25,5
A8L6Z9U1TCP06,0,0,1,0,0.4,7
AKP6IWJ24C1A5,0.125,0.125,0.75,0,3,8
AFAK8WG4O8INK,0,0,1,1,0,6
A2VH0UT5EQFB6P,0,0,1,2.9047619048,0,8
A3J8U952XAL34Z,0.1428571429,0,0.8571428571,4.2380952381,0,7
A32H7YO8K1XS9E,0,0.4,0.6,0,0.25,5
A3MZWM75KSM1P6,0.125,0,0.875,1,0.1428571429,8
A1T4HGVX32QIYC,0,0,1,0,4,5
AQZ7HGW2FF4ED,0.2,0,0.8,1.7916666667,1.5,5
A1B9Q3SNKI6T5V,0.2,0,0.8,0,4,5
A3ENT7V0MT34WP,0,0,1,3.8675213675,0.2857142857,9
A3NI8JZCL7BZMC,0.1,0,0.9,1,9,10
A7IBOCJ0K4V8C,0,0.1666666667,0.8333333333,0,0.2,6
A19WXFFQMKES6O,0.125,0,0.875,3.4166666667,0.6,8
AEUG4DYQZJ64Z,0,0.1428571429,0.8571428571,2.6666666667,0.75,7
A23AKO4BZLZ8DE,0,0.0588235294,0.9411764706,8.5,0.2142857143,17
A22T4H0CPT6UJP,0,0.1666666667,0.8333333333,2,1,6
AD5G39PJUJVJ,0.25,0,0.75,2.5393939394,0.1428571429,8
A31HQD6H4SHO2C,0,0,1,1,1.5,5
A31RULW0KNYJ5H,0,0,1,1.75,0.5,6
A1CF9IF5FWYNU0,0.3333333333,0,0.6666666667,0,5,6
A2O52ICJCRQYVK,0,0,1,0.6666666667,1.5,5
ASNGOBUI6WHNV,0.2,0,0.8,0,1.5,5
A1LS2UXHG1BYRG,0.0769230769,0,0.9230769231,2,0.8571428571,13
APEJ8EJCC8PQ8,0.125,0,0.875,5.5,0.3333333333,8
A149F91FB9WTW6,0.1428571429,0.2857142857,0.5714285714,1,2.5,7
A56EP6FFRH1YT,0,0,1,4.9751552795,0,5
A2IMZNPSJGB2HQ,0,0,1,4,0.75,7
A1CUB195YB9XKO,0,0,1,2,1,8
A1SMCTGDM2LK7X,0,0,1,1,0.6666666667,5
A2Z3IXZ17E88J4,0.2857142857,0,0.7142857143,4.25,0,7
A2053ZJUGCKUA5,0.05,0,0.95,1,0.3333333333,20
A1RI71C4IQZZGF,0,0,1,2.5,1.25,9
A3N93PUHEMQU34,0.2,0,0.8,3,0.25,5
A3MONHA5DCPPLZ,0,0.1666666667,0.8333333333,0,0.5,6
AQK01UMFP9MND,0,0,1,1,0,5
A3R6V43G6HAJ0Y,0,0,1,2,0.6666666667,5
AOHR2Q90UXF23,0,0,1,1.6666666667,0.6,8
AMGUVF20JAOG8,0,0.125,0.875,0,3,8
A146H4KN4LFR60,0,0,1,1,0.4,7
A2FZ4Z0UFA1OR8,0,0,1,2.5,8,9
AKALIDNS3NMZ7,0,0,1,3,0.5,6
A3TOCY3MSC878,0,0,1,3,1,6
A2PFX6WO88KTYB,0,0,1,3.75,1.2,11
A21DER2RMJIDX7,0,0.125,0.875,3.9166666667,1,8
A3J1M5WTA3ST77,0,0.1666666667,0.8333333333,3,1,6
A3ZBLSAPZB9LE,0,0,1,9.3675213675,0,12
A3OA4DV4L81N1D,0,0,1,4.88,0,5
A362IZKSMV6MA8,0,0.0909090909,0.9090909091,1,2.6666666667,11
A1J9HY0AG5676,0.1428571429,0,0.8571428571,0,1.3333333333,7
A20JJ8634DG3FS,0.1111111111,0.1111111111,0.7777777778,5.6666666667,0.125,9
A16UCWYG4924HH,0,0,1,0.5,0,5
A1A15ECLHM9BQY,0,0.1428571429,0.8571428571,2,1.3333333333,7
AA1ZYCEKJGG3A,0.1428571429,0,0.8571428571,2.75,0.4,7
A1YAR5PTXNRA7X,0,0.1666666667,0.8333333333,0,2,6
A00625243BI8W1SSZNLMD,0,0,1,1,3,8
A3621QMU492VV4,0.2,0,0.8,0,1.5,5
A1DX9PS0UN7EHY,0,0.2,0.8,0,1.5,5
A24AQ24CD6865K,0,0,1,2,0.75,7
A27E9UEA5ZMTN5,0.6,0.2,0.2,0,1.5,5
A1WSFFFG0SL1XJ,0,0,1,1,0.6666666667,5
A3HEPYV00SNCQA,0.2,0.2,0.6,2,0.6666666667,5
A39RL01WOC0Q0Q,0.1666666667,0,0.8333333333,1,1,6
A3W2KQ6CLTQ0ZD,0.1111111111,0,0.8888888889,2.6666666667,0.2857142857,9
A3N27L13CWJ9HY,0,0,1,2,0.25,5
A2W8RH6YUNXH83,0.2,0,0.8,1,0.25,5
A37KJ0QD8HYF7A,0,0.4,0.6,1.5,1.5,5
A8E9VWP5EQH6B,0.2,0,0.8,2.6666666667,0.6666666667,5
A2E4JXFRLSUX53,0.2,0,0.8,0,0.6666666667,5
A2IFKMKKXV8AVU,0,0.2857142857,0.7142857143,1.7142857143,0.1666666667,7
A21N9ACLVOMDLP,0,0.1428571429,0.8571428571,1,0.4,7
A2SBZZ1HSR7WSP,0,0,1,8.5416666667,2.2,16
A203OCQQ12MAVT,0,0,1,1.6666666667,0,5
A1C6T412QATCAJ,0.2,0,0.8,1.1666666667,4,5
A3347V0SDFHQBA,0,0,1,0,0,5
A1MTN9XWJSA5PI,0,0.1666666667,0.8333333333,4,0,6
A3W2VF6D09B2RN,0,0,1,1,1.5,5
A307Y5ACUY4RN6,0,0,1,0,1.5,5
A2BHAEL2Q4HR4A,0,0,1,0,0.6666666667,5
A2CJVLER896Q7L,0,0.0526315789,0.9473684211,4,1.1111111111,19
AT01FH4U3GP0O,0,0,1,2.2571428571,0,6
A1YURS42Z635HR,0,0.2,0.8,3.9415954416,0.6666666667,5
A3CUQ8L2S9ZW0H,0,0,1,0,1.5,5
A1EW1P6BB16GP6,0.25,0.125,0.625,1,7,8
A12O5B8XNKNBOL,0,0,1,3,0.7142857143,12
A1GMWTGXW682GB,0,0.0344827586,0.9655172414,11,0.3181818182,29
A165EMA3YTIM6A,0.0909090909,0.0909090909,0.8181818182,5.4242424242,1.2,11
A3V2GMLAKW4X4Y,0,0.6,0.4,2,1.5,5
A36C867ZDP30NQ,0,0,1,3.25,5,6
A2N4QZ92NBKJZZ,0,0.2857142857,0.7142857143,0.8,0,7
A2ISZAYDM4Y791,0,0,1,0,1.3333333333,7
A1VHYBN1NV73LZ,0,0,1,5.1239316239,0,6
A3I23DPVLDXAB2,0,0,1,0.3333333333,0.4,7
AZMHABTPXVLG3,0.2,0.2,0.6,1,0,5
A10NJEIG56RHN5,0,0,1,1,0.6666666667,5
A14HVB7CVCYTIY,0,0,1,3.8571428571,0.75,7
A3P2J1W1RBUX6Q,0,0,1,3.8205128205,0,7
A3M9FH2OZKYF4D,0.2,0.2,0.6,1.5,0.25,5
A1RPTVW5VEOSI,0,0,1,9.1203703704,0,16
A3CSSZ6U5J4YS5,0.0588235294,0.0588235294,0.8823529412,5,2.4,17
AZVME8JMPD3F4,0.25,0.25,0.5,0,0.6,8
A1IL0PS2XJB4NS,0,0.1666666667,0.8333333333,0.8,0.2,6
ACWJDL1ZYX8RE,0,0,1,1.5,0.2,6
A67OJZLHBBUQ9,0,0,1,1,1.25,9
A3IICSS30MRX9M,0,0.3,0.7,4.513986014,0.6666666667,10
A342XAA3YXGKT9,0,0.125,0.875,3.96,0.3333333333,8
A3MYWHYZ30WLQJ,0,0,1,1.8888888889,0.6666666667,5
A1HW9DAJBYXGDV,0,0.0909090909,0.9090909091,1.5,0.5714285714,11
A768OB1LNE356,0.4285714286,0,0.5714285714,0.9,0.4,7
A2QJQ3HSJB4NS,0,0,1,0,4,5
AWV58YYFEAUL0,0,0,1,0,0.25,5
A1BI6SL4H95QI2,0.1666666667,0,0.8333333333,1,0.2,6
A78J38NU18DDZ,0,0,1,0,1.5,5
A306YUQBEB2R9T,0.0625,0.125,0.8125,3,1,16
A27WU4E7J23ZS7,0,0.2,0.8,1,0.25,5
A2IBPI20UZIR0U,0,0,1,1,1.3333333333,14
A25ZBYVW8ZINLM,0,0.0714285714,0.9285714286,5,0.5555555556,14
A3KX8SVSUCSHKU,0.2,0,0.8,1,0.25,5
ABRA676PKBNXG,0,0,1,0,0.6666666667,5
AEWYUPCNDV7HY,0,0.125,0.875,2.75,0.3333333333,8
A39PQ7QR2JFXLV,0.2,0.2,0.6,2.375,0.6666666667,5
A1BN3DBBWLMT6V,0.1666666667,0,0.8333333333,0.5,0.5,6
A1T4U9CAQ25IBR,0,0,1,1,1,6
A2PTJ004ZPRVHX,0,0.2,0.8,2.4642857143,0.6666666667,5
A2V9R0KCU8X6EH,0,0,1,2,0.6666666667,5
ASJAKT8DJIAC5,0,0,1,4.25,0.3333333333,8
A2UGCWC46V7PPG,0,0.1666666667,0.8333333333,1.7142857143,0.5,6
A1EQYR35KLTECN,0.2,0.2,0.6,0,0.25,5
A2INSN8Z69R0FK,0,0,1,0,5,6
A2IIIAR5BGJF4I,0,0,1,0,1.5,5
A2MIP3AQVSF2SS,0,0,1,3,3.5,9
A1ZRXGT8QJXGET,0,0,1,1,1.3333333333,7
A3B4L653KYTW55,0,0,1,0,0.6666666667,5
A3MRBUCGH66JTY,0.2,0,0.8,3.6973684211,0.6666666667,5
A3PGQWCSJPCYDH,0.1428571429,0.5,0.3571428571,1,1.8,14
A2SKZZZBV1XYWP,0,0.25,0.75,3.3888888889,1,8
A3DPGV307X2498,0.25,0.375,0.375,2,0.6,8
A195TE92PMQTJ5,0,0,1,1,0.6666666667,5
A1IR3NR4KRPIJ1,0,0,1,0,2.3333333333,10
A1H55L0BLPCWYF,0.1111111111,0.1111111111,0.7777777778,2.8181818182,0.125,9
A3GAP455S8YH0M,0,0,1,1,0.3333333333,8
A1WHGNU87BGJ2S,0,0,1,2.9130434783,0.1666666667,7
A2SREOQJ9OEDLE,0,0,1,0.5,5,6
A3BMI7VGJT60Y7,0,0,1,3.8846153846,1,6
A1QDSJZQWJZOL1,0,0,1,4.2424242424,0,7
AGDWVRFL81B4O,0,0,1,2.7614035088,0.125,9
A14PY68SX7D5DV,0.125,0,0.875,3,0.6,8
ACWH4WJMC5UFN,0,0.1666666667,0.8333333333,3.1666666667,0.5,6
A2SPZP1PYXBR28,0,0.2,0.8,0,4,5
A1S0NIJ5PDREYV,0,0,1,1,1.6666666667,8
A3K24MXK7GFY8,0,0,1,1,1.5,5
AXWEQHTXQWR7Q,0.1666666667,0,0.8333333333,1,0.2,6
A34LQ791ACZ0JC,0,0.0714285714,0.9285714286,7,0.2727272727,14
A3CSWB0L9ZLD94,0,0.1111111111,0.8888888889,1,2,9
A2R7B3MUR22USI,0,0.375,0.625,3.4428571429,0.1428571429,8
A2J4GBHSDLP4DF,0,0.1,0.9,1.5,1,10
A3IDC5FP52KJWJ,0,0,1,0,0.5,6
A3NKSY3I0UW3KK,0,0.2,0.8,1,0.25,5
A3HN470MGR70D2,0,0.2,0.8,3.7571428571,0,5
A8DCZN408QYKC,0.4,0.2,0.4,1,0.6666666667,5
A23033Q9WZBG4V,0,0.2,0.8,1.5,0.25,5
AGGQFKI536BUW,0,0,1,1,0.25,5
ADH0O8UVJOT10,0,0.0476190476,0.9523809524,25.117012987,0.4,42
A2Z89YMZZJWBHS,0.125,0,0.875,2.6666666667,0,8
A28P7V9KI7MXP,0,0,1,0.5,0,5
A39KDVU5JAXJIF,0.125,0.125,0.75,4.2361111111,0,8
A3MTR7P9PYAALX,0.1,0,0.9,1,1,10
A1ARFA1NCN34UV,0,0.1428571429,0.8571428571,3.6666666667,6,7
AZMIKIG4BB6BZ,0,0,1,0,1.5,5
A5ZS85C5V40S8,0,0,1,3.6666666667,0.25,5
A34BZPTKSY68PB,0,0,1,0,2,6
ATB2PLCVQ2XC9,0,0,1,3.6071428571,0,6
A2RIXSMGE9VIBG,0,0,1,1.5,0.2,6
A7ZP18XOIJADI,0,0,1,0,0.2,6
A35QR07ZW63T65,0,0,1,1.5,1.5,5
AMVC9WTXYKNJ1,0,0,1,2.5,0.1,11
A1HPC4BDRLR60,0,0,1,0.8,1.3333333333,7
A31JRW1DW3SZ2K,0.1,0.2,0.7,4.5757575758,0.6666666667,10
A22LLQ00V32YZJ,0,0.1,0.9,0,1,10
A1QE7VZE507TO7,0,0.2,0.8,0,4,5
A3SQ2WX9CAJCKZ,0,0,1,0.6,0,6
A2MVPY9XVYST9H,0,0.1666666667,0.8333333333,2.5882352941,0,6
A3QAILPOPQI3TC,0,0.1428571429,0.8571428571,1,2.5,7
A1FHOW9NVOH8XR,0,0,1,0,0.6666666667,5
A3T6OAYYMN3F1Q,0,0,1,0,1.5,5
A2M93TVNC93C3P,0,0,1,1,0.4,7
A3CMXRFIWQCBKQ,0.2,0,0.8,3,0.25,5
A16Z3HTUIYPDH8,0.1538461538,0,0.8461538462,1.9392712551,3.3333333333,13
A2H629SI5VJGRM,0,0,1,2,0,5
A1MVH1WLYDHZ49,0.03125,0.0625,0.90625,3,1.6666666667,32
AWKVQQZKTRFAL,0,0,1,0,0.25,5
A1N82BBPB5816P,0,0,1,0,5,6
A55YZTYSWPH96,0.4,0,0.6,0,1.5,5
A37A41GWQFMK3D,0,0.05,0.95,5,0.6666666667,20
A13GMS7FWV3TQ0,0,0.2,0.8,1,1.5,5
A10APIDAZISWQF,0,0.1666666667,0.8333333333,0,0.5,6
A3TRV1IG0M1PHK,0.2,0,0.8,0.3333333333,0.6666666667,5
A14FMSW73W220M,0,0.3333333333,0.6666666667,1,1,6
A8ANJNZAZQ6IQ,0,0,1,2.8,0.3,13
A1IDPIC36H49JX,0,0,1,2.1666666667,1,8
A3412OM2NWNT5E,0.2,0,0.8,0,1.5,5
A3W2EOWTZVIGC9,0,0,1,0,0.4,7
A3PB1FI3R9V7PY,0,0,1,0,0.6666666667,5
A3SMT15X2QVUR8,0,0,1,4.7947391592,0.6666666667,5
AHQTXJQX2584I,0,0,1,0.3333333333,2.5,7
A2T2SAJS88MYU4,0.1666666667,0,0.8333333333,1,0.2,6
A2W3CLAYZLDPTV,0,0,1,1,0.25,5
A10HYGDU2NITYQ,0.2,0.2,0.6,0.7857142857,0,5
A3QSZ2SE3HUSXM,0,0,1,0,0.25,5
AAHV0LYDMZGY8,0.25,0.25,0.5,6.4538461539,0.1428571429,8
A18XPD5BM4U6B1,0,0,1,0,0.5,6
A2WROWUBLQ9GZZ,0,0,1,6,2,6
A1SFZ6FGGM3D2U,0.4,0,0.6,0,0.25,5
AJ03X8Z6RZZ27,0,0.5,0.5,0,1,6
A3J1EO6778PPTH,0,0.4,0.6,2,0,5
A2VWNZNFV8QCP0,0.5,0.1666666667,0.3333333333,3.5,0,6
A2U7DXDNYBBLQJ,0,0.2,0.8,3.8,0.6666666667,5
A38DCVO9SZHW68,0,0.2222222222,0.7777777778,2.5,0.8,9
A1LZ7QGWHBHWOD,0,0.2,0.8,0,4,5
A3A3ZCWP7Z4V4K,0,0,1,0,2.5,7
A1V3N0LF1QGG0X,0.125,0,0.875,2,0.1428571429,8
AE9C0UNXBV8CB,0,0,1,1,13,14
A14UXBBB68V9R0,0,0,1,3.25,0.2,6
A1H4EBBOM66MQ0,0,0.1428571429,0.8571428571,0,2.5,7
A1FO10Z93GKN33,0,0.2,0.8,0,0.6666666667,5
A3HLW3G0TA8GX1,0,0,1,0,4,5
AHUCLL02HS7M5,0,0,1,0,1.5,5
A29J3SX31FB2HN,0,0,1,0.6666666667,0.25,5
A3TM9RWCTMIK42,0,0.2,0.8,0,2.3333333333,10
A3A7Y3TSPPZU9T,0,0,1,0.5,0,5
ASYHYW0USZVN6,0,0,1,0,4,5
A1J7PW0AEAEDP4,0,0,1,1,0.25,5
A3DOXGBWDJ1MU0,0,0,1,0,2,6
A2E2CJWPL1YMAR,0,0,1,0,0.6666666667,5
A1YBZOWO2RBIUZ,0,0,1,2,1.5,5
A1GOLQ90G6MHK6,0,0,1,1.5,0.6,8
A781ITP3HE2N5,0,0,1,4,1.2,22
AJH2W783HOXZV,0,0,1,0,0,5
A4BTCECGQAIUI,0.0555555556,0.2777777778,0.6666666667,2,0.8,18
ALVO1A5UB8DG0,0,0.0909090909,0.9090909091,1,1.2,11
A20SQURQ3G1BGY,0.1666666667,0,0.8333333333,3.8166666667,0.2,6
A19J1LI2AQ2JB8,0,0,1,2,1.5,5
A3DZBMO93FHKTH,0,0,1,0.5,1.6666666667,8
A2MPM6M93OXIJT,0,0.1666666667,0.8333333333,2,1,6
A2FXCGHJLVQTIX,0,0,1,1,4,5
A1LHMSY3Q46PJS,0,0,1,2.8022774327,0.2,6
A327J5R77T2EY3,0,0,1,2,1.6666666667,8
A21M5LI1AU7184,0,0,1,2.75,0,7
A7KIY7RDFHRN9,0,0.1666666667,0.8333333333,2.25,5,6
A27EWIL4YBWTA0,0,0,1,1.55,0.6,8
AH0XON4XDOF2C,0.0833333333,0.1666666667,0.75,1,0.3333333333,12
A126XEMCLHPBNZ,0,0,1,0,1.5,5
A2XD36ONYLNU5J,0,0,1,2,4,5
A3AAUG2Z6BD186,0,0.1428571429,0.8571428571,0,2.5,7
A2Z15UQEUTE3T9,0,0.2,0.8,0,4,5
A3QO0ZJPSDMDW3,0,0,1,0,0.25,5
A6M441DQ7HL09,0.4285714286,0,0.5714285714,2.5454545455,0,7
A1BNFL98NKJNYA,0.2,0,0.8,1,0.6666666667,5
A3A4UKJUP34E18,0.1666666667,0,0.8333333333,3,0.2,6
A2E9IR4TGNXY6L,0,0,1,1,0,5
ADOSJR623FDF1,0,0.1428571429,0.8571428571,0,0.4,7
A1IT51TW0UI2LM,0,0.1,0.9,6.8333333333,0.25,10
A3MKGUUWT9OOY6,0,0,1,0,2,6
A3VPISTBNS66C5,0,0,1,0,0.5,6
AJUXP5GEE2VRP,0,0,1,0,2.5,7
A2F92AOWTIUIB,0.0869565217,0.0869565217,0.8260869565,3,2.2857142857,23
AAPQB8YDQ3RRE,0,0,1,0,0.6666666667,5
A9CQXTVLHQBMA,0,0,1,1,0.75,7
A2F1O3IYPFAY6M,0,0,1,2,0,5
A4M7GUJ0MKZD4,0.1428571429,0,0.8571428571,0,0.75,7
AWQQ1QHCECDJ3,0,0.2,0.8,0,0.25,5
ASWMQ58EJL0RF,0.2,0.2,0.6,2.25,4,5
A19SEZVIVAMGVZ,0,0,1,0,2,6
A1WSJ7PT9GTD6B,0,0,1,0.9047619048,0.25,5
A2S9M3F1Z2XIQG,0,0.2,0.8,0,1.5,5
A3D42ZX96FA6EW,0,0.1,0.9,4,1,10
A194BLXLSNY8SE,0,0,1,0.5,0.6666666667,5
A3NTAQ473SV08U,0,0,1,0.25,1,6
A6D91KPQGIDKZ,0,0,1,1,0,6
A3IURSDK689G7M,0,0,1,0,5,6
AJZWAEYCF43WH,0,0.2,0.8,0,1.5,5
A19JA9J3BFBKNO,0,0.2,0.8,0,1.5,5
A223S6N0DBQBHP,0,0.1111111111,0.8888888889,2,0.5,9
A2FN5DGPDO01W,0,0,1,0,0.25,5
AT9G9PT2K0PLB,0,0,1,2,4,5
A1JTDD2GQ66AOO,0,0,1,0,1.5,5
A2J4UAF6RW13WK,0,0.0909090909,0.9090909091,3,0.8333333333,11
A39ZK4KYML9463,0,0,1,1,0.2,6
A26GUM1C5M1E51,0.0714285714,0,0.9285714286,1.5,0.4,14
A1HJ1H7EIPFBRK,0,0,1,0,4,5
AB7WPLA1CN5I1,0,0,1,2,0,6
A3QTFLU2ZWH7WS,0,0,1,2,0.4,7
A2HBAYOAKSXIY2,0.1666666667,0,0.8333333333,3.2666666667,0.5,6
AKGWRO6IC0VIE,0.5714285714,0.1428571429,0.2857142857,2.777972028,0.1666666667,7
A2T8JRVJRVNX8R,0,0,1,0,0,5
A1Q3YZOVFXRKDZ,0,0,1,0,0.6666666667,5
A3E0CF25A7LD2,0,0.25,0.75,0,0.6,8
A1LCG14GZJI5LO,0.2,0.2,0.6,1.8852459016,0.25,5
A214MI77WXVK9Q,0,0.1111111111,0.8888888889,2,2,9
AVOKN4NDZCN78,0.2857142857,0.1428571429,0.5714285714,3,0.4,7
A2CARFAX5FNQT9,0,0,1,1.5,0.6,8
A3NMQFWLXPP8EV,0,0,1,2,3,8
A38SICZYZTLDQ9,0.1666666667,0,0.8333333333,1,0.2,6
A1C60KQ8VJZBS5,0,0,1,1.3333333333,0.4,7
A2LSR40ZH18TPH,0.1666666667,0,0.8333333333,1.3333333333,1,6
A35M5X7LV6QLFT,0,0,1,3,0.2,6
ACP8IZY0RS49F,0,0.4,0.6,0,0.25,5
A18MMME07XZLYO,0,0.1111111111,0.8888888889,2,0.8,9
A1365RYO0BLEMI,0.0769230769,0.0769230769,0.8461538462,7,0.3,13
AYQCAPXJ81XTN,0,0,1,7.5488505747,1,10
A30J7WQV0ZNRXG,0,0,1,5.1922739541,0.1,11
A2WDY3XDWDFNYG,0.1428571429,0.1428571429,0.7142857143,3.0833333333,0.1666666667,7
A3FBE4WF5KQRR1,0.2,0,0.8,1,0.6666666667,5
A3DGMJN91IUKGU,0,0,1,0,1,8
A1R019TURAPFDS,0,0,1,2.5,0,5
A306NASGVUDFKF,0,0,1,0,0,6
AT09WGFUM934H,0.0714285714,0.1428571429,0.7857142857,4.5,0.4,14
A8AF0VV2LP4LV,0.2,0,0.8,0,0.6666666667,5
A3LBEIXA1JL28I,0,0,1,2.5,0.6666666667,5
A3EUD541ZM0R0R,0,0,1,1,2,6
A2HIRKOAFQQLBE,0.1428571429,0,0.8571428571,3.875,0,7
A9J03MF2689TS,0.125,0.125,0.75,4.25,0,8
A3DLRCC45S85QN,0,0.1111111111,0.8888888889,2.818627451,0.5,9
A7TRK2GG6BHWD,0,0,1,2.6666666667,0,5
A27KQGXAU8Z7OT,0.0769230769,0,0.9230769231,1,12,13
A1ZV3RNQH852U2,0,0,1,3,2,6
A6LHCT7P53RSA,0,0,1,0,0.6666666667,5
A1LI9W7A0CYOHV,0,0.1428571429,0.8571428571,3,0.4,7
A2PP4G3DLGDD4T,0.2,0,0.8,0,4,5
A3CVZRPQH1PFQ5,0.6,0,0.4,0.3333333333,1.5,5
A2BK5M8IYNF7CV,0.2,0,0.8,0,1.5,5
A3EIML9QZO5NZZ,0,0,1,2.75,0.6666666667,5
A2E2KYE92LF0T7,0,0.1428571429,0.8571428571,0,0.1666666667,7
A1JN3UIUZAHF7V,0,0.1111111111,0.8888888889,3,0.8,9
A1VR0GV8LPJYNF,0,0,1,1,0.6666666667,5
A2N7F3MVCTAOYP,0.1428571429,0.1428571429,0.7142857143,1.1,2.5,7
A27DR1VO079F1V,0.0909090909,0,0.9090909091,2,4.5,11
A27V6PS7Y83OIV,0,0,1,4.9333333333,0.25,5
A3DDG0WH5SBF34,0.2,0,0.8,0,0.25,5
A2HWUC980HM1NP,0,0.5,0.5,2,0.2,6
A2LXCPYCPZJVW4,0,0,1,1,0.6666666667,5
AB2G1XOBEGWK2,0,0.1,0.9,8.1666666667,1,10
A1LH6RF4UN9VI6,0.125,0.125,0.75,3.5924369748,0,8
A1T3PBZ7DVBC26,0,0,1,1,1.5,5
A14Z9LAETO21KL,0.125,0.375,0.5,1,0.6,8
A1MAQQXJZTMSKT,0.0588235294,0.1176470588,0.8235294118,2.6428571429,0.7,17
A2Z548GT5948WH,0.0909090909,0.1818181818,0.7272727273,3,2.6666666667,11
A3M1PLEYNDEYO8,0.0416666667,0.0416666667,0.9166666667,8.0357142857,0.2,24
A35CRCL7WVUCYG,0,0,1,0,8,9
A1ZMV5QSAR8V2L,0,0.2857142857,0.7142857143,0,0.75,7
A1MH7LD4Y203Q5,0,0.1111111111,0.8888888889,3,0.5,9
A1BW6F3GAM38XV,0.1666666667,0.1666666667,0.6666666667,2,0.5,6
A245MWTMXYXXHY,0,0.2,0.8,0,4,5
A1ZGNCN1VRUO1H,0,0,1,2.3,0,5
A3G6KKDMMFQQ5K,0,0.5,0.5,1,2,6
A35Z3TBNCQU3VY,0,0.2,0.8,1,1.5,5
A3DDZ2SENG07MS,0,0,1,3,4,10
A1DZDG9AT98298,0,0,1,1.75,0.0909090909,12
A6A03NM42KUXL,0,0.2,0.8,0,0.25,5
A1LHKVHP38M046,0,0,1,1,0.25,5
A39JMLMY96E8CP,0,0,1,0,0.6666666667,5
A23BIOQUMRC7K5,0,0,1,1,2,6
A17CU1D2CWXOHB,0,0.0909090909,0.9090909091,0.5,1.75,11
A2GVH4P25TXN8M,0,0,1,1.9545454546,1,10
A2CMX45JPSCTUJ,0,0.1428571429,0.8571428571,1.5,1.3333333333,7
A38L9I59GH34O0,0,0,1,3.8305084746,0.1666666667,7
AN5ISBOQ5U7C,0,0,1,2,1,6
A3SDJ70H00OQCJ,0.0769230769,0.0769230769,0.8461538462,8.7529681475,0,13
A3HKX5UIDJ403N,0,0,1,0.25,1.5,5
ALEFGB3G2BYG8,0.2,0,0.8,1,1.5,5
AOINAOO0NQRGN,0,0,1,7,0.3,13
ALUTHT4U058KZ,0,0,1,2,2.5,7
A2G12DY50U700V,0,0,1,0,8,9
A3HCK3UXD6WS4G,0,0.1818181818,0.8181818182,2,1.2,11
A3USVJXZXK7XRI,0,0.2222222222,0.7777777778,3,0.2857142857,9
A34IJACMU8C3IM,0,0,1,4.8705882353,4,5
A1AFH79R6W1QOQ,0.2,0,0.8,2.75,0,5
A3VPJNX40SBP1M,0,0.125,0.875,0,0.3333333333,8
A1XDIC6OQKYJXW,0,0,1,0,0.8,9
A3J7KKG9O7KAZM,0,0,1,0,0.75,7
A1AOD8N6LJYHBU,0,0,1,2.5,1,6
A9AETC0WEPZAM,0,0.2,0.8,0,0.6666666667,5
A37T74W067OYPB,0,0,1,0,1.5,5
A1VU51HBF6KIYB,0,0,1,0.9375,4,5
ALAY8GVFBUQ9L,0,0.1111111111,0.8888888889,3,0.5,9
A3DJZHSAW4ANH0,0,0.2,0.8,0.5,0.6666666667,5
A1XEX009ZR6WXG,0,0.3333333333,0.6666666667,0,2,6
A3W5BERPNVRXR6,0.2,0,0.8,0,0,5
A1UPZM995ZAH90,0,0,1,0,7,8
AX69H7INJKE76,0,0,1,1,4,5
A1TSKKBNV38E8Y,0.1111111111,0.2222222222,0.6666666667,2.5,0.125,9
AAGD3GA9ZVPLQ,0.4,0.2,0.4,1.6,0.6666666667,5
A2M8T1A4O0GS72,0,0,1,2.1666666667,0.8,9
A21Q29J3ZWPDNP,0,0.0909090909,0.9090909091,7.4666666667,0.375,11
A1YYGXVZA97XFO,0,0,1,0,4,5
A3R8XCQYDNQIAA,0,0.1428571429,0.8571428571,3,0.4,7
A2FAF1J19NO0ID,0,0.1666666667,0.8333333333,3,1,6
A1N4PW6FTMBUSQ,0,0.125,0.875,7.35,0,8
ATPP3IWN4S9PW,0,0.2,0.8,1,0.6666666667,5
A1MV8LXEXO8EWC,0,0,1,1.8378378378,0.25,5
A3AGHEETVTCBQI,0,0,1,3.6666666667,0,7
A2ICKZFBMHCMUK,0,0.1666666667,0.8333333333,1,2,6
A32ZC1AIF9B85,0,0,1,1.1,4,5
AYQ46BHSK99YV,0,0,1,0,2.5,7
A3KKTTJACRWL16,0.2,0.2,0.6,0,1.5,5
A33LV2M1PAJZ45,0,0,1,1,1.5,5
AJBBU53A0X84I,0.0909090909,0.0909090909,0.8181818182,0.5,4.5,11
AKYDGCKCY7H9F,0,0.0869565217,0.9130434783,11.0238095238,0,23
ANAKK5KNUAP17,0.1666666667,0,0.8333333333,3.1666666667,0.2,6
A3IZF3M92E7SI2,0,0,1,0.5,2,6
A1UMOYYM8HB2A1,0,0,1,4,0,7
A1NGFLLBENI6FG,0,0,1,2.5,0.6666666667,5
A2B78RXJ2PB6ZD,0,0.2,0.8,0.75,0.25,5
A37WW789WSY81F,0.2222222222,0,0.7777777778,7.0714285714,0,9
ABZYVME9NYCQG,0,0.0769230769,0.9230769231,3,0.625,13
A3G6P4SJ8SYH9F,0.0769230769,0.2307692308,0.6923076923,2,0.8571428571,13
A1L7M2JXN4EZCR,0.0263157895,0.0526315789,0.9210526316,3.6666666667,1.5333333333,38
A1ZD690RCXOSB,0,0.2,0.8,1.5,1.5,5
A8MTE6SIYM0GY,0,0.1428571429,0.8571428571,4.6666666667,0.4,7
AWYXB9L41T82S,0.1666666667,0.3333333333,0.5,1,0.5,6
A3EZEP0FX5BC1P,0,0,1,4.6683673469,0.125,9
A19NGYCQ1NCF3W,0,0.3333333333,0.6666666667,3.6964285714,0.5,6
A2C46HQIZLYJUC,0.2,0.1,0.7,6.1119047619,0.6666666667,10
AVDW3OAVWWE05,0,0.1428571429,0.8571428571,2,0.75,7
A3ABAA36CZVYNX,0,0.1428571429,0.8571428571,5.6134868421,0,7
A1T9A8YD2FU9UF,0,0,1,3,1.25,9
A396ELNTQDFYPO,0.0909090909,0,0.9090909091,4,0.8333333333,11
A1UI4WTBYHYUGD,0.3333333333,0.1666666667,0.5,1.6666666667,0,6
A52GGV55KT8AV,0.1666666667,0,0.8333333333,1.5,2,6
A2TZAS3A5WIUJQ,0,0,1,0.5,0.6666666667,5
A3CG1XH8G9AFSK,0.1428571429,0.1428571429,0.7142857143,1.5,0.75,7
A3UETHIJBL6MCV,0,0,1,2.462962963,1.5,5
A1OV2BH2S11KBA,0.2857142857,0,0.7142857143,2.25,0.4,7
A1KCRFFQDLE7MA,0,0,1,1,1.3333333333,7
A2FFJCRIYMCVCZ,0,0,1,1,0.1666666667,7
A3EYCAYIIBDXUF,0,0,1,2,0.6666666667,5
A2HTMBKL4KE2JH,0.2,0,0.8,1,1.5,5
A13798OPDBLDCO,0,0.1666666667,0.8333333333,1.5,1,6
A2MMH4O7EDNLCV,0,0,1,2.9285714286,0,5
A1IB42LRNA9QLW,0.25,0.125,0.625,5.3524720893,0.3333333333,8
A35HTG0YUEKFGM,0.1428571429,0,0.8571428571,0,0.4,7
A2PN3GY7I3EKC1,0,0,1,1,2,9
APN77K8OVE97N,0.1428571429,0.1428571429,0.7142857143,4,1.3333333333,14
A17IU5NX3UC84G,0.2,0.2,0.6,1,1.5,5
A3OZC468867FW8,0,0,1,0.6666666667,4,5
A2YQTEPCGZ5N7J,0,0.2,0.8,1.5,0.4285714286,10
A3GOS8Y7DV0E4X,0,0,1,0,2.5,7
A31B0LYT2C92SN,0.05,0,0.95,8.75,1.5,20
AG1ZYSLKQCLMD,0,0.1,0.9,1,4,10
A1HSW0NIX8VQ07,0,0.2,0.8,1.3461538462,1.5,5
A34QHL6I85K3V5,0,0.1666666667,0.8333333333,0.3333333333,1,6
A37E0KYNJQNP1E,0,0,1,0.5,1.3333333333,7
AGX9PFO7K90DJ,0,0,1,1,0.4,7
A2QDVOUXE4PYIM,0,0,1,4.75,0.6,8
A14JBDSWKPKTZA,0,0,1,2.625,0.2,6
AFUXETAHFUXFE,0,0,1,0,5,6
AXXGP6UT41KAS,0.125,0,0.875,1,1.6666666667,8
A1ESUYMIG3TZT0,0,0,1,1,0.25,5
A37KK1CLMULHE4,0.0909090909,0.2727272727,0.6363636364,0.3333333333,0.5714285714,11
A14V6CXN8ZWZOS,0,0,1,2,0.4,7
A25K93BZ8GX9ZC,0,0.1666666667,0.8333333333,1,1,6
AC2S76UKUPIL4,0.1666666667,0.1666666667,0.6666666667,0,0.5,6
A3NRNJN4GAQ2V6,0,0.4,0.6,0,0.6666666667,5
A2MR43RDPZX3J,0,0.0769230769,0.9230769231,2,0.4444444444,13
AM8M5BAQRIXY5,0,0,1,4.875,0.25,5
A2074KEJGRYJV4,0.2,0,0.8,0,4,5
A12SSZIN555FTL,0.1428571429,0.1428571429,0.7142857143,3.9166666667,0.1666666667,7
A1B3CNORXB1USI,0.5714285714,0.2857142857,0.1428571429,1.9418779241,0.4,7
A3GSQE0LXPG9YF,0,0,1,1,0.2857142857,9
AF331KJH45RIH,0,0.1428571429,0.8571428571,2,0.4,7
A1CKZGG8OQ2DTS,0,0,1,1,0.25,5
A3V1EHVB14TKX,0,0.2,0.8,1,1.5,5
A2P5U53IUTDUE6,0,0.1666666667,0.8333333333,1,5,6
A26RLGZUUENC6E,0.4,0,0.6,1.25,0.25,5
A3IY9JZZ36OQSV,0.1428571429,0.2857142857,0.5714285714,1,2.5,7
AN1RO6C6I78YO,0,0,1,2.5,0.25,5
A54S9CIUV5VNB,0,0.25,0.75,2.4350649351,0,8
A30HTJ530SMRB7,0.1666666667,0.1666666667,0.6666666667,2,1,6
A1UKMEC156SHOD,0,0,1,0,1.5,5
A3CR1EV98GQ87X,0,0,1,3.8462301587,0,5
A2BT968XSRPP0K,0,0,1,0,1,8
A36OSNJ4YJSGEP,0.25,0,0.75,4.7142857143,1.6666666667,8
ACY9QYNDFLVBI,0.2,0.2,0.6,1.914893617,0.6666666667,5
A2BJZRLR99YW75,0,0,1,1.5,0.25,5
A1BK0KBZBCB5V8,0,0,1,0,0.2,6
ANZGC4YCEQC6W,0.1428571429,0,0.8571428571,3,0,7
A164BJ2NU1NSJZ,0,0.0769230769,0.9230769231,1,5.5,13
A204ETWOV23HO4,0,0.1,0.9,8.3508879181,0.25,10
ATVYABSTW0LIE,0,0.5,0.5,2,2,6
AHF7SNSZPRNCE,0.1111111111,0.1111111111,0.7777777778,1,2,9
A3NGAQKJ6X088B,0,0.2,0.8,0,1.5,5
A280VP2CL6ZFZZ,0,0,1,0,2.5,7
AQFOCVEBDCYU9,0,0,1,1,1.5,5
A3ADSZR7QAQ5U,0,0.4,0.6,1,0,5
A3PQULECO9OAV6,0.1666666667,0.1666666667,0.6666666667,0,1,6
A1ZYSJS573OQ5P,0.2,0,0.8,0,0.6666666667,5
A1JNNQAUI5FZV,0,0.2,0.8,0.8,4,5
A2EQ8GHKXEF141,0,0.125,0.875,2,1,8
A3DJUUPM321IFI,0,0,1,2,0.25,5
A3KZEGBTPH6MMF,0,0.2,0.8,0,0.6666666667,5
A37AQI4AU3JWSR,0,0.1428571429,0.8571428571,3,0.4,7
ABKNRVFFLEA3M,0,0,1,3,1.5,5
A2P83FWHR36WN1,0,0.2,0.8,0.7878787879,0.25,5
A3HEV9M5RNFB3V,0,0,1,1,1.5,5
A2G3VQU2GRN8BU,0,0.1428571429,0.8571428571,2.3333333333,0.75,7
A1UMM894XSEO4F,0,0,1,0.5,1.1666666667,13
A3HMFQWM9Q21SD,0,0,1,3.6666666667,0.2857142857,9
A27L5L6I7OSV5B,0.1,0.1,0.8,5.6419047619,0.25,10
A39TYRIZLTCK9P,0,0,1,0,5,6
A1UMN04FQ6H32D,0,0.2,0.8,0,1.5,5
A2RS66Y79Q8X0W,0,0,1,3.75,0.75,7
A24QFMD1RXLJMB,0,0,1,1.8,1.5,5
A3FW4THIMBIN6V,0.0909090909,0.0909090909,0.8181818182,0.7777777778,0.8333333333,11
A3QEWM5EWFPTE9,0.4,0,0.6,4.1901960784,0,5
A3PL8ENSYWS1PZ,0,0,1,0.5,1.2,11
A3SJP0GZNZJ0XE,0.2,0,0.8,0,0.25,5
AD6FULWPPOJ3R,0.1428571429,0,0.8571428571,1.6,0,7
A1EFXXRDV40C4E,0,0.3333333333,0.6666666667,3.8,0.5,6
A217QN6PDMKS1A,0,0,1,0,2,6
AMACM7BGUQCZD,0,0.2,0.8,0,0.25,5
A2PDPIVN721PZ7,0,0.1111111111,0.8888888889,1,1.25,9
A2M1BW5AQLJLOB,0,0,1,5.9230769231,0,7
A2FY8306QHI5LE,0,0.2,0.8,0,0.25,5
A1VHCO8RQFIGQJ,0,0,1,0,0.25,5
A3NHUK1ISMZCFZ,0,0,1,0,6,7
A14VAT5EAX3D9S,0,0,1,1.9285714286,0.6,8
A2VDGYUTGIOL86,0,0,1,1,0.5,6
A87NFCCTUG4PO,0,0,1,1,1.5,10
A2KI91IR3RA7D0,0,0.1428571429,0.8571428571,6.3269999323,0.1666666667,7
AYTKUTAP0VA53,0.125,0.125,0.75,3,0.6,8
A1GXJW4152V4LJ,0,0,1,0,0.1666666667,7
A15RRJL2HT44J4,0,0.1111111111,0.8888888889,2.8,0,9
A1M3XD9UV3PD3I,0.3333333333,0.1111111111,0.5555555556,0.5,0.2857142857,9
A3GTUNDBLPC00I,0,0,1,2.5714285714,4,5
A3AOB0VF6H0IF4,0.3333333333,0,0.6666666667,1.25,0.5,6
A1LU9607CVAMIF,0,0,1,0,0.25,5
AKAVVQMXSAIGX,0,0,1,3,1,6
A1T9SCT89JJ96,0.4,0,0.6,3.5454402516,0,5
A2EZWZ8MBEDOLN,0.0277777778,0.0833333333,0.8888888889,18.4947368421,0.2857142857,36
A2AC3WEXSIOQQ7,0,0.4,0.6,0.75,1.5,5
A3R4794K2RVU1S,0,0,1,2.5,0.25,5
A394SBIRC4A8S9,0,0.4,0.6,1,0,5
A1A64ANBPFSAT4,0,0,1,1.2142857143,0,6
A2E5YEDFENFZYC,0.25,0.125,0.625,2.5,1,8
A2FIYNFKZQXGWO,0,0.2,0.8,2.0833333333,0,5
A1AWXXBQRQN13I,0,0,1,2.5,0.4,7
AXWB93VKVML6K,0,0,1,0,2,6
A34UQQ1DPQ31IH,0,0.2,0.8,0.5,0.25,5
ATL0URQ0KUKGZ,0,0,1,1,0.5,6
A2WJBUGJ39ZSC8,0,0,1,2.9411764706,0.25,5
A1SD1C8XK3Z3V1,0.0625,0.03125,0.90625,11.5155172414,0.0666666667,32
A2FC9LNES7BVOJ,0,0,1,1.4735294118,0.3333333333,8
AEN6KDJ3AJDK6,0.2,0,0.8,0,0.6666666667,5
A5JC41VQDJVU0,0,0,1,0,1.3333333333,7
AXU9VX024GPSS,0,0,1,1,0,5
A2G8O3QXM9EGJS,0,0.1666666667,0.8333333333,1,0.2,6
A8MQNZK3J0UEX,0,0,1,2.5,1,8
A32264FNDHOH3Q,0,0.1428571429,0.8571428571,1,0.75,7
A1AGIP0FLI2VZW,0,0,1,0,2,9
AROOYR32BS1VL,0,0,1,1,1.5,5
A1RGF9CS1V8O14,0.1428571429,0,0.8571428571,3.25,0.75,7
AJ3MI4QT7339J,0.3333333333,0,0.6666666667,0,0.2,6
A38HMS5RYSYF8G,0,0.1666666667,0.8333333333,0,1,6
A303039F43KD4E,0,0.2,0.8,2.9090909091,0.6666666667,5
A3SGZO3N7MXKPV,0.2,0,0.8,0,0,5
A1S8R9OAIQT7YI,0.2,0.2,0.6,2,1.5,5
A1K45HFFFDNP1A,0.3333333333,0.1666666667,0.5,2.4428571429,2,6
A32NZIV3FHCK62,0,0,1,0,4,5
A3UD50M7M72150,0.25,0,0.75,3.75,0.1428571429,8
A26HM2R5529NYY,0,0,1,2,5,6
A1EVEQAR05SY7L,0.0476190476,0.0952380952,0.8571428571,4.6071428571,0.75,21
ANU2BFZ9STYXU,0.1428571429,0,0.8571428571,1,2.5,7
A2Y1R8CZMTALJP,0.2,0,0.8,1,1.5,5
AUZ9IPTKJKFDK,0.2,0,0.8,3.9,0.25,5
A21VM9WVF8EOSJ,0.2,0.4,0.4,1.25,0.6666666667,5
AXABTEYS7A4A8,0,0,1,0,1,6
APB6VJX5CNR5C,0,0.125,0.875,2.5,0.3333333333,8
A3M05N9UWHIXUI,0,0,1,1,1.5,5
A10E3QH2FQUBLF,0,0,1,0,0.2,6
A3MPMALWL0ERCA,0.1666666667,0.1666666667,0.6666666667,0.5,0.2,6
A3KCR3MWWKM7C1,0,0,1,1,1,6
A3H4FCMNBYS09K,0,0,1,2,1,6
A2S8G6OVAK19EX,0,0,1,2,7,8
A1C0O09LOLVI39,0,0.2,0.8,3,4,15
ASG42G9QTBUX1,0,0,1,1,1.3333333333,7
A2D91EJR5M0CUP,0,0,1,0,0.4,7
AOFLZO8T1IF3B,0,0.2,0.8,1,1.5,5
A2EWLWNMF65J5X,0,0,1,1,0.6666666667,5
A398X9POBHK69N,0,0,1,0,1.5,5
A2JRFV125VJ71R,0,0,1,0.75,0,5
A6OLPMJ9HH4IP,0.2857142857,0,0.7142857143,0,0,7
A28DVY0Q6PPO1J,0,0.2,0.8,0,4,5
A30GZDBGNP2366,0,0.4,0.6,1,0,5
AUOGMXLRRLVE1,0,0.1666666667,0.8333333333,0,1,6
AOY459LVUBKLO,0.2,0.2,0.6,4,0.25,5
A2KWOC600DMC0W,0,0,1,1,0.25,5
A2XXBZPQT5EXHV,0,0,1,2,0,6
A2Z84UZPX7064Q,0,0,1,0,1.5,5
AA5TINW2RJ195,0,0,1,0,2,6
A26NQIGPSFBU5Z,0,0,1,0,0.6666666667,5
ANVQ2KPZUNR4R,0,0,1,0,0.25,5
A127K5WGHNUUH3,0,0,1,2,1,6
A2KKZHISX9YKMI,0,0.2,0.8,2.1363636364,0.25,5
A23NSKTMSPPBTR,0,0.125,0.875,6.0555555556,0.6,8
AH4HBHRM707WA,0,0,1,0,0.25,5
AOPFMCP5DXUK0,0,0,1,1,4,5
AREHEVC8J64QA,0,0,1,1.6666666667,0.6666666667,5
AV8MDYLHHTUOY,0,0.1666666667,0.8333333333,2.9473684211,0.5,6
A1Q94IXHEGQDV7,0,0,1,0,1.3333333333,7
A3FMD34MRUJJ3I,0.2,0.2,0.6,1,1.5,5
A2YTKPGZXFFKVK,0,0,1,0,6,7
A7E0CJH464L82,0,0.2,0.8,1.8,1.5,5
A109ME7C09HM2M,0,0,1,1,0.25,5
A2F26OVBDC7WWA,0,0,1,0,7,8
A1RPGT25Q5QSKU,0,0,1,0,5,6
A1SCWHXAB2ZK7N,0,0,1,3,8,9
A35YS5ND3K5FN,0,0,1,4.9077976191,0,5
A3CNFMV0IISC3C,0.4,0.4,0.2,3.3176470588,1.5,5
A27AD1FFGBVFY0,0.2,0.4,0.4,3.0964912281,1.5,5
A34EGGJLO553D8,0,0,1,4.9,0.1111111111,10
A3GA66OGQOI3EZ,0.2,0,0.8,0,0.6666666667,5
A2U67NUNCRHVO7,0,0,1,3.5,2,6
A2CZIZD0RZ566T,0,0.2,0.8,0,4,5
A2C7BOQVFH1HLE,0,0.3333333333,0.6666666667,3.25,0.2,6
A2B3XQ4FCJTKHQ,0,0,1,0.7777777778,1,6
A1VAUZRF5PUSOZ,0,0,1,1.3333333333,3,8
A1MCMSRNN2AS1F,0,0,1,2,0.6666666667,5
A3RI2C0RY4DHK,0,0,1,1,0,5
APVLFUAI3IDF7,0.2,0,0.8,1.0909090909,0,5
A6FIAB28IS79,0.0476190476,0.0476190476,0.9047619048,16.5717588967,0,21
A1AYYN6YUIDWVG,0,0,1,1,4,5
A2744KNJHWVXMZ,0,0.1666666667,0.8333333333,5.6464646465,0.2,6
A2QEH1K92PBWMQ,0,0,1,2,0.5,6
A35JPJHGOSPZX9,0,0.5,0.5,0,3,8
A2T305UHZJ21L1,0.1666666667,0.3333333333,0.5,1,2,6
A3FA334BIFOMRD,0,0,1,2,0.2,6
A2B58VXLLOFQKR,0.2857142857,0,0.7142857143,2.15,0,7
A85AE6BNHXAXR,0,0.2,0.8,1,0.6666666667,5
AGYH5U11ZKPFB,0,0,1,2.5,0.2222222222,11
AYJJDQQ4EZ5V3,0,0.1666666667,0.8333333333,1,0.5,6
A30KA8I5AHSKJZ,0.1428571429,0.1428571429,0.7142857143,1,1.3333333333,7
A1B9TIERY43Q8H,0,0,1,1,1.5,5
A3J7IC7M8ZSXNU,0,0,1,0,4,5
A3TA1UJWRJF9NC,0,0.1,0.9,3.5,0.1111111111,10
A2RCCN4KEXZGC8,0,0.2,0.8,1,1.5,5
A33IMLYIVBG5Z4,0,0.2,0.8,4.6444873596,0.6666666667,5
AA169UZEJYAV1,0,0,1,0,0,5
A3872Y2XH0YDX1,0,0.1,0.9,3,0.6666666667,10
A298INOY52JEH8,0,0,1,3,0.25,5
A3K6M4WXNTYQEM,0,0.4,0.6,3.75,0.25,5
A3F49ZMUC1GSRP,0,0.4,0.6,2,4,5
ACFBLRCKLPR00,0,0,1,1,1.5,5
APXEAZI8E8GES,0,0.2857142857,0.7142857143,4.6666666667,0.4,7
A3CUYX2VXZM9KO,0,0,1,3,0.75,7
A2RI4QE6EO29CA,0,0,1,0.6666666667,1,6
A1NIX2WA2ZKLV7,0,0,1,2,0.25,5
A33H0WC9MI8OVW,0,0,1,4.7180029273,0.25,5
A1YA2BPU7CVNJD,0,0.1428571429,0.8571428571,2.8,6,7
A18X6ZT4AEYVKB,0,0,1,3,1.5,10
AO68X66YOJGQI,0,0.2,0.8,1.8571428571,1.5,5
A31XY5BETE8DUC,0.1666666667,0.1666666667,0.6666666667,1,2,6
A25QPZOMZTFFV8,0.25,0,0.75,1,0.1428571429,8
A3KIOG0NDTJ32D,0,0.2,0.8,0,0.6666666667,5
A2D0F8W7FDBBS6,0,0.2,0.8,4.850877193,0.6666666667,5
AMY8AUDIBXHCI,0,0.2,0.8,1,0.6666666667,5
A395RVQDH28EK9,0,0,1,0,0.5,6
A1BTNPMESS99PL,0,0,1,3.630952381,0.2,6
AOGJD9K1UN63X,0,0.3333333333,0.6666666667,3,0.5,6
A34QGH6PW5UPA2,0,0,1,2,1.5,5
A3ARPUKCI6R91Y,0.2,0,0.8,4.5714285714,0,5
A35QFQI0M46LWO,0,0,1,1,2.5,7
A21WZ0YAMX0NLE,0,0,1,0,2.5,7
A9P4Q7KX35RS2,0.1428571429,0,0.8571428571,0,1.3333333333,7
A1A9DIM802STMK,0.125,0,0.875,3.5,1,8
A2SFO875EQ66AB,0,0,1,0,0.25,5
A38XYO1S5747MY,0,0,1,1,4,5
A2MAGKKVHUF21F,0.4,0,0.6,1.75,4,5
A31997Q9ABEIE9,0,0,1,1,4,5
A3IKOEE8Z3T6BH,0.0833333333,0.1666666667,0.75,2.6071428571,1,12
AONGA3BHTK0EG,0,0.2,0.8,4.6893939394,0,10
A34O0KQV4QXWNQ,0.1071428571,0.1071428571,0.7857142857,11.1666666667,3,28
AU9RL6MBM25YY,0,0,1,3.7376788553,0.6666666667,5
A310MXGFV4RIK0,0,0,1,0,6,7
AXXYMIJBD0J9G,0,0.4285714286,0.5714285714,2.6666666667,2.5,7
A1M957IA3QNX7X,0.4,0,0.6,0,0.25,5
A2GA2GM4LWESIC,0,0,1,1,4,5
A1D086N00QVF8Z,0,0,1,1,1,6
A1CSB9FS3SLHJO,0,0.1666666667,0.8333333333,1,0.2,6
A13NZBZQ7ZZG5O,0,0,1,1,1.5,5
AXJ19189TLBLJ,0,0,1,0,1.5,5
A5SRLPK9A3LG,0.2,0.2,0.6,2,0,5
A1S7QABO64Z554,0.2,0,0.8,5.1666666667,0.4285714286,10
A2X2GEABQXRX7P,0.6,0.2,0.2,2.1238095238,0,5
A2C2TKHICAZ4RS,0,0.2,0.8,3.8408029879,1.5,5
AXP9CF1UTFRSU,0,0,1,1,0.3333333333,8
A2WZWY5MQTXO0R,0,0.1428571429,0.8571428571,0,0.4,7
A3RHT4KI3H5TVH,0.0909090909,0,0.9090909091,0,1.2,11
A29B4PAIOL7HYG,0,0.2,0.8,2,0,5
AETQIN7OH0RL9,0.1666666667,0,0.8333333333,1,1,6
AVF06892OWGJU,0,0.1428571429,0.8571428571,3.6071428571,0.1666666667,7
A2895CKKVDHVDM,0,0,1,0,1.5,5
A3GEMQFMP0PH48,0,0,1,0,0.6666666667,5
AOEZK60W1DUQZ,0,0,1,2,0.6666666667,5
A120FZ2ESIMA63,0,0,1,0,5,6
A1Y8BQ5R1SGGVD,0,0,1,1,5,6
A3GLD5QF1HMGO0,0,0.2,0.8,3,0.6666666667,5
A35D9ODUCAMF5G,0,0,1,2,0.3333333333,8
A1GUHIMGFE362L,0,0,1,0,0.25,5
A3C9F3SZWLWDZF,0,0,1,1,4,5
A1K8E597YAFQQG,0,0,1,0.5,0.4,7
A34WEXT7SIRFE4,0.2,0,0.8,1.6428571429,0.6666666667,5
A3GJ25QG91UI9Y,0,0,1,3,6,7
AB8JKS38BK9P,0,0,1,0,1.5,5
A3VG7F7SZUK87S,0,0.2,0.8,0,1.5,5
A1BH17V8BKLES,0,0,1,2,0.7142857143,12
A23HJIRA5PIMG0,0.3333333333,0,0.6666666667,1.5,0.2857142857,9
A24FQKYEPUQBRG,0,0,1,1,1,6
A2VXKVJV7KIGMD,0,0,1,1,0.6,8
A2Z7S8B5U4PAKJ,0.2,0.1,0.7,3,0.1111111111,10
AX11NOUMV8G95,0,0,1,2,2.5,7
A3394J1F9CN9W5,0,0,1,4.5416666667,0.2,6
A1ZYV05OSO4QZK,0,0.4,0.6,0.6666666667,0.6666666667,5
A1C92SAQFUBJSZ,0,0,1,5,1.3333333333,7
A3200TEQBFSDRX,0,0,1,0,1.5,5
A2VAD79S4A06DD,0,0,1,5.8333333333,0,8
A11E4FWMN9BXJD,0.2,0,0.8,4.0416666667,4,5
A1DUPFUG526MVF,0,0,1,0,0.4,7
A2206923NH9ZDI,0,0.1428571429,0.8571428571,0.5,0.4,7
AI9PZHPNTKPI,0,0,1,2,1.5,5
ANQRGI79HHJPQ,0,0,1,0,0.5,6
A52REIMRM97HV,0,0,1,2.6666666667,0.6666666667,5
A7IZNVL7JXLM,0,0.1428571429,0.8571428571,4.2619047619,0.1666666667,7
A151EUL2C4GJNE,0,0,1,1.9375,0.6666666667,5
A3L0BF1DJ22V9R,0,0.2,0.8,0,1.5,5
A25T143MKB0K82,0,0.2,0.8,1,0.25,5
A3MW5BXUOCCQV0,0,0,1,1,0.4,7
A3F1GM7ZAZD1SW,0.1666666667,0.5,0.3333333333,3.2807017544,0.2,6
A33PUQETQAM8XT,0.2,0,0.8,1,0.25,5
A3237FOR4LVBZO,0,0,1,5.8196864112,0,8
A1JJ61UV88EAP5,0,0.3333333333,0.6666666667,1,2,9
A256QA9N8ZK520,0,0.4,0.6,1,0.6666666667,5
A2PD27UKAD3Q00,0.125,0,0.875,4.8840909091,0,8
A91PW87FR65XH,0.2,0,0.8,2.375,0.25,5
ATJQOAUHB5XB8,0,0,1,3.5,7.5,17
A1ROUMJOGO4QMB,0.1428571429,0.4285714286,0.4285714286,2,0,7
A27UAE2PME5TRV,0,0,1,2.9,0,6
A18DTTRCYR8TD7,0.2,0,0.8,0,0.6666666667,5
A2BGK8HGC28AJI,0.5,0,0.5,1,0.5,6
AU2TEZYYXKLL,0,0.2857142857,0.7142857143,0,0.1666666667,7
A202CZ4PJH83G4,0.0769230769,0,0.9230769231,12.8055555556,0.1818181818,13
A1TLMSOE1VRDZI,0,0,1,3,1,8
A1C92KYEEU1T0G,0,0.2,0.8,1,4,5
AXX6BZDD8K4JL,0,0.2,0.8,4.8571428571,0.6666666667,5
A3MJARDJ31M698,0.2,0,0.8,0,0.25,5
A10044ECXDUVKS,0.3333333333,0,0.6666666667,1,1,6
A2ZBSEZ211C4QW,0,0,1,2,1.5,5
A10KH8EN77ZKWH,0,0,1,2.875,4,5
AUH2DKYUU7KC9,0,0,1,3,0,5
AR64CEBJWBICU,0.2,0,0.8,3.0333333333,0.25,5
A46D3MTB5LIUY,0,0,1,1,0.3333333333,12
A2IROAVGAK1G0S,0.2,0.4,0.4,0.5,0.6666666667,5
A16MRPHIU3JUXF,0,0,1,2,0.5,6
AHUIPZZH2UKJG,0,0,1,3.5,2.5,7
A3UJUX6RZ9WVCB,0,0,1,3,1,8
A2P2ST28QAZMJI,0.125,0,0.875,4.6666666667,0.1428571429,8
A1AFN4T80DZ3RR,0,0,1,1,0.6666666667,5
A2XF1IANVPK7F,0,0.2,0.8,1,0.6666666667,5
A2IZ3ST24HSO4H,0,0,1,0,0,5
ABEQJOG7TS8GT,0,0,1,3,0.5,6
A3DWQW2L39RB1S,0.2,0.2,0.6,3,4,5
A1P11QY9RR3IA7,0.1666666667,0.1666666667,0.6666666667,2,5,6
AAON97IT5IHP2,0.1111111111,0.1111111111,0.7777777778,2.5,1.25,9
AGH6UUAIAZLMB,0,0.2,0.8,2.1,0.6666666667,5
A1YAAMQT5G88XE,0,0.1666666667,0.8333333333,3,0.2,6
A1VW19Y79DC0GF,0,0.2,0.8,4.6875,0.25,5
A356RFKNIG043B,0,0.125,0.875,4.6666666667,0,8
A1JNV4K56GG94R,0,0,1,1,0.75,7
A31BL556QXBJBZ,0,0,1,0,1,6
A10B2J2IRQXBWA,0,0,1,0,0.6666666667,5
AXG9N4QFS4QYP,0,0.1666666667,0.8333333333,1,5,6
ASGRCZLCNBELE,0,0,1,0,5,6
AQDHNCD25PFE6,0,0,1,2,2,6
A3TN5X62JAXGFB,0,0.2,0.8,2.96,1.5,5
A2NYK9KWFMJV4Y,0,0.0294117647,0.9705882353,21.7461538462,0.5454545455,34
A3KF2K1ZMAZSX4,0,0.1428571429,0.8571428571,3.8897435897,0.1666666667,7
AO7WPPUO75BBK,0,0.1666666667,0.8333333333,1,1,6
A2AM4SM8ZA1D9W,0,0.4,0.6,1,1.5,5
A2BRXREMT5WZJ0,0.1666666667,0,0.8333333333,2.3,0.5,6
AW6A4PPENVZY3,0,0.2,0.8,2,0.6666666667,5
A3IELJ39K3QL7,0,0.4285714286,0.5714285714,0.1666666667,0.4,7
A3G9836LYVXE7A,0,0.1666666667,0.8333333333,0,0.5,6
A20TFY5J3WNJU2,0.1333333333,0,0.8666666667,0,2.75,15
A2S3DQ0BL6KSM1,0,0.2,0.8,0.5,0.6666666667,5
A1VEGHXI0Q61XA,0,0.1666666667,0.8333333333,0,2,6
AEHDGUE3L90ZS,0.125,0,0.875,2,0.3333333333,8
A1O3P80RRDUV5P,0.2,0,0.8,2,0.25,5
AGW1JFTQNX7SZ,0.125,0.125,0.75,3,0.3333333333,8
A1P9JI4TR933JX,0,0,1,0,0.6666666667,5
A34VZEFXQJJ7AT,0,0,1,1,0.5,6
A1F4KCBVDP8S25,0.2,0,0.8,2.7666666667,0,5
AVP5CCREISHVX,0.3333333333,0.1666666667,0.5,0.75,2,6
A2G2DXPFZKG48W,0,0,1,2.2456140351,0.1666666667,7
A3G5BIFX6VS1OP,0,0,1,0,1,8
ALVPGO19QI1SC,0,0.1428571429,0.8571428571,1,2.5,7
A29XLZLRNBWBZ8,0.2,0,0.8,1,0.6666666667,5
AJ0PG46QD33RD,0,0,1,3,4,5
A3FQ9WYUHG9CD,0,0,1,6,0.1428571429,8
A3177U36QW4EJB,0,0,1,1,4,5
A27H0T39U3FZB5,0,0,1,1,0,5
A2O2UE0UTPOB0Q,0,0,1,0,4,5
A38UFP5UJLYLMC,0,0,1,1,1,6
A2DKLC2FJTY9OI,0.2857142857,0.1428571429,0.5714285714,4.5,0.75,7
A17VW66OGW0ZKA,0,0.6,0.4,2,1.5,5
AJGIN15VFGXBG,0.1666666667,0,0.8333333333,2.1,0,6
A3ARMRKIJUQ6LS,0,0.1666666667,0.8333333333,3,2,6
ADRAB7F3AI7OL,0,0,1,0,0.6,8
A3TJMZ2YFNECYN,0,0,1,2.6666666667,0.75,7
A1SJ32WZWVEI61,0,0,1,1,1.5,5
A1VG6TG6LKBPKP,0,0,1,0,4,5
A1CL807EOUPVP1,0,0.1052631579,0.8947368421,3.6666666667,3.75,19
AOZBVGFIUY44X,0,0.1,0.9,3,1,10
A1NN5S1D0ZTK6W,0,0,1,0,0.6666666667,5
A2U1Z3TZ4P76JB,0,0,1,1,5,6
A2CKMJU4WD3XDE,0,0.2,0.8,4.281285253,0,5
AKT2VSLZHDD81,0,0,1,3,1.25,9
A2IPU94WKACV06,0,0.125,0.875,0,3,8
A18X90KMZ6KZ3H,0,0,1,1,0.75,7
A2YSBRBYSI0524,0.1111111111,0,0.8888888889,1,3.5,9
A1DVUFG2QSJ6IK,0,0,1,4,0.8461538462,24
A1YIGDWVHNNTMU,0,0,1,0,0.4,7
A1CD7IUM2JRPY1,0,0,1,3.7564102564,0.5,6
AW91VDERXXKGT,0,0,1,6.0134909504,0.1666666667,7
ADH957M2NJJ8Z,0,0,1,0,4,5
A13A81NN0NRD1S,0,0.1818181818,0.8181818182,6.2564102564,0.375,11
A1XL4YLORJ5IBS,0.1428571429,0,0.8571428571,1,1.3333333333,7
AU3GYRAKBUAEU,0.2,0.2,0.6,2.5997596154,0,5
A1K5IL77GZEVKQ,0.2,0,0.8,1,1.5,5
A3VIIH9ZNJ823H,0.25,0.25,0.5,3.65,0.1428571429,8
A2OPSPL8LSSJPC,0.125,0,0.875,2.8333333333,0,8
A3EXWV8FNSSFL6,0,0.0666666667,0.9333333333,9.1166666667,0.1538461538,15
A2JMJVNTBL7K7E,0.2,0.2,0.6,2.0222222222,0,5
AK7X7IXX7WYNJ,0,0,1,2,2.5,7
AFBETARDFURG,0,0.0909090909,0.9090909091,3,1.75,11
A17A1KTVI3DG6U,0,0,1,3.7124482555,0.25,5
ADETB8KEATML7,0,0.2,0.8,2,0.25,5
A29PEU8AQGFQ9X,0,0,1,1,2,6
A1AUDW7X02EEPJ,0,0.1428571429,0.8571428571,0,1.3333333333,7
A2GC5JELY3N07V,0,0,1,0,4,5
A2ZGEV4CTSCTIZ,0,0.1111111111,0.8888888889,5,0.8,9
A178O10M2U0XDC,0,0.3333333333,0.6666666667,2.875,0,6
AI3UHRU7ZBXFL,0,0,1,1,1.5,5
ARAK8OPNIFLHR,0,0,1,0,0.6666666667,5
A3EU3ET85O8ZFX,0,0,1,1.2777777778,2,6
A1QN075G0OKBWJ,0,0.125,0.875,4.4411764706,0.6,8
A1KMDDMQEXV0HJ,0,0.3333333333,0.6666666667,2.1666666667,0.5,6
A1NNBJRXPIDA12,0,0.2,0.8,2,0.6666666667,5
A2CCGGDGZ694CT,0,0.1,0.9,3.8,0.4285714286,10
A3L51MT8QKSULJ,0,0,1,0,0,5
